<annotation>
	<folder>my-project-name</folder>
	<filename>img-1222.jpg</filename>
	<path>/my-project-name/img-1222.jpg</path>
	<source>
		<database>Unspecified</database>
	</source>
	<size>
		<width>1280</width>
		<height>720</height>
		<depth>3</depth>
	</size>
	<object>
		<name>Turbine</name>
		<pose>Unspecified</pose>
		<truncated>0</truncated>
		<difficult>0</difficult>
		<bndbox>
			<xmin>11</xmin>
			<ymin>94</ymin>
			<xmax>1257</xmax>
			<ymax>435</ymax>
		</bndbox>
	</object>
</annotation>