image,class,confidence,xmin,ymin,xmax,ymax
/home/ubuntu/yolo/datasets/v10_dataset/train2017/IMG_0026BC.JPG,0,0.7219670414924622,568.590087890625,146.3116455078125,736.7628173828125,425.10162353515625
/home/ubuntu/yolo/datasets/v10_dataset/train2017/IMG_0068.JPG,0,0.8095449209213257,863.7794799804688,122.57626342773438,906.5464477539062,176.24172973632812
/home/ubuntu/yolo/datasets/v10_dataset/train2017/IMG_0074.JPG,0,0.836132824420929,584.5291748046875,655.4613037109375,634.1844482421875,701.8939208984375
/home/ubuntu/yolo/datasets/v10_dataset/train2017/IMG_0074.JPG,0,0.2201349288225174,487.6070556640625,440.3478698730469,512.78466796875,458.2592468261719
/home/ubuntu/yolo/datasets/v10_dataset/train2017/IMG_0181.JPG,0,0.7784521579742432,526.710693359375,303.94842529296875,558.258056640625,342.80169677734375
/home/ubuntu/yolo/datasets/v10_dataset/train2017/IMG_0182.JPG,0,0.8218344449996948,509.3624572753906,137.19752502441406,543.3719482421875,190.4191131591797
/home/ubuntu/yolo/datasets/v10_dataset/train2017/IMG_0183.JPG,0,0.8323668241500854,498.866943359375,18.18317413330078,533.21875,73.55101776123047
/home/ubuntu/yolo/datasets/v10_dataset/train2017/IMG_0669.JPG,0,0.7928735017776489,794.7467041015625,299.43609619140625,816.3543701171875,331.65936279296875
/home/ubuntu/yolo/datasets/v10_dataset/train2017/IMG_0670.JPG,0,0.8499101400375366,782.6487426757812,289.82421875,804.0149536132812,319.6396484375
/home/ubuntu/yolo/datasets/v10_dataset/train2017/IMG_0671.JPG,0,0.7235832810401917,790.41162109375,299.83001708984375,811.50537109375,329.79119873046875
/home/ubuntu/yolo/datasets/v10_dataset/train2017/IMG_0672.JPG,0,0.826461672782898,797.2396240234375,305.61669921875,818.2752685546875,337.1806640625
/home/ubuntu/yolo/datasets/v10_dataset/train2017/IMG_0757.JPG,0,0.8154449462890625,789.5640869140625,2.997112274169922,834.007568359375,37.31423568725586
/home/ubuntu/yolo/datasets/v10_dataset/train2017/IMG_0758.JPG,0,0.762590765953064,787.3815307617188,95.62583923339844,829.3713989257812,127.23390197753906
/home/ubuntu/yolo/datasets/v10_dataset/train2017/IMG_0759.JPG,0,0.6417153477668762,775.8185424804688,229.41744995117188,823.1847534179688,260.4873352050781
/home/ubuntu/yolo/datasets/v10_dataset/train2017/IMG_1185.JPG,0,0.7423232197761536,722.5855102539062,660.2867431640625,752.1939086914062,687.8682861328125
/home/ubuntu/yolo/datasets/v10_dataset/train2017/IMG_1200.JPG,0,0.8239506483078003,751.862548828125,623.24462890625,787.270751953125,660.7353515625
/home/ubuntu/yolo/datasets/v10_dataset/train2017/IMG_1237.JPG,0,0.7938198447227478,590.3507080078125,524.7184448242188,631.0723876953125,567.9891967773438
/home/ubuntu/yolo/datasets/v10_dataset/train2017/IMG_1258.JPG,0,0.6859691739082336,888.7655639648438,292.79254150390625,912.9629516601562,331.20361328125
/home/ubuntu/yolo/datasets/v10_dataset/train2017/IMG_1258.JPG,0,0.14869417250156403,767.4908447265625,118.22610473632812,802.2205810546875,154.51400756835938
/home/ubuntu/yolo/datasets/v10_dataset/train2017/IMG_1461.jpg,0,0.8357497453689575,1124.5140380859375,1184.8963623046875,1199.7138671875,1277.970703125
/home/ubuntu/yolo/datasets/v10_dataset/train2017/IMG_1462.jpg,0,0.8128392100334167,1047.302001953125,963.5633544921875,1124.5338134765625,1073.238037109375
/home/ubuntu/yolo/datasets/v10_dataset/train2017/IMG_1463.jpg,0,0.8056975603103638,920.4415283203125,671.3804931640625,997.6451416015625,807.8929443359375
/home/ubuntu/yolo/datasets/v10_dataset/train2017/IMG_1464.jpg,0,0.7945394515991211,830.8855590820312,441.2799377441406,909.5372314453125,589.2300415039062
/home/ubuntu/yolo/datasets/v10_dataset/train2017/IMG_1465.jpg,0,0.7645729780197144,746.0775756835938,238.24095153808594,838.9816284179688,387.3392333984375
/home/ubuntu/yolo/datasets/v10_dataset/train2017/IMG_1466.jpg,0,0.7998519539833069,641.4177856445312,66.75411987304688,733.62548828125,205.71047973632812
/home/ubuntu/yolo/datasets/v10_dataset/train2017/IMG_1467.jpg,0,0.7703388929367065,570.7218627929688,0.0,663.8369140625,95.81116485595703
/home/ubuntu/yolo/datasets/v10_dataset/train2017/IMG_1480.jpg,0,0.8089194297790527,1379.642822265625,1481.7371826171875,1457.245849609375,1560.1612548828125
/home/ubuntu/yolo/datasets/v10_dataset/train2017/IMG_1481.jpg,0,0.8377372026443481,1381.6177978515625,1275.15576171875,1459.921142578125,1378.3541259765625
/home/ubuntu/yolo/datasets/v10_dataset/train2017/IMG_1482.jpg,0,0.8204261660575867,1385.7486572265625,1045.3173828125,1465.5147705078125,1173.0745849609375
/home/ubuntu/yolo/datasets/v10_dataset/train2017/IMG_1483.jpg,0,0.8222526907920837,1396.47314453125,800.8648071289062,1472.4403076171875,955.64013671875
/home/ubuntu/yolo/datasets/v10_dataset/train2017/IMG_1484.jpg,0,0.8308535218238831,1393.090576171875,553.5703125,1469.4298095703125,719.3360595703125
/home/ubuntu/yolo/datasets/v10_dataset/train2017/IMG_1485.jpg,0,0.855198085308075,1385.61376953125,325.43536376953125,1466.25634765625,496.5478820800781
/home/ubuntu/yolo/datasets/v10_dataset/train2017/IMG_1486.jpg,0,0.8165764212608337,1364.98388671875,132.19091796875,1445.985595703125,298.04827880859375
/home/ubuntu/yolo/datasets/v10_dataset/train2017/IMG_1487.jpg,0,0.7759004235267639,1348.586669921875,0.0,1421.5240478515625,84.01300048828125
/home/ubuntu/yolo/datasets/v10_dataset/train2017/IMG_1509.JPG,0,0.7795149683952332,304.4803771972656,249.3955078125,336.8025817871094,276.8006591796875
/home/ubuntu/yolo/datasets/v10_dataset/train2017/IMG_2561.jpg,0,0.7957176566123962,1021.0372314453125,1496.8941650390625,1108.696533203125,1613.592529296875
/home/ubuntu/yolo/datasets/v10_dataset/train2017/IMG_2562.jpg,0,0.8699255585670471,1055.963134765625,1026.355712890625,1166.5950927734375,1183.472900390625
/home/ubuntu/yolo/datasets/v10_dataset/train2017/IMG_2563.jpg,0,0.8605262041091919,1073.995361328125,591.5728149414062,1178.9537353515625,766.1737060546875
/home/ubuntu/yolo/datasets/v10_dataset/train2017/IMG_2564.jpg,0,0.8504440784454346,1037.96875,243.82415771484375,1136.3043212890625,412.0716247558594
/home/ubuntu/yolo/datasets/v10_dataset/train2017/IMG_2565.jpg,0,0.8179908394813538,976.7654418945312,22.051725387573242,1056.380859375,167.39044189453125
/home/ubuntu/yolo/datasets/v10_dataset/train2017/IMG_2592.jpg,0,0.8818132281303406,967.4153442382812,430.9896545410156,1140.2586669921875,711.7520141601562
/home/ubuntu/yolo/datasets/v10_dataset/train2017/IMG_2592.jpg,0,0.8642414808273315,913.904541015625,718.7691040039062,1031.1268310546875,850.4581298828125
/home/ubuntu/yolo/datasets/v10_dataset/train2017/IMG_2605.jpg,0,0.846492350101471,1133.556640625,460.7930603027344,1322.673583984375,708.99609375
/home/ubuntu/yolo/datasets/v10_dataset/train2017/IMG_2605.jpg,0,0.8350957036018372,1097.546630859375,707.2733154296875,1185.82958984375,821.7535400390625
/home/ubuntu/yolo/datasets/v10_dataset/train2017/IMG_2606.jpg,0,0.8643197417259216,906.0931396484375,1305.860595703125,1028.3349609375,1461.62890625
/home/ubuntu/yolo/datasets/v10_dataset/train2017/IMG_2606.jpg,0,0.8484886288642883,972.5530395507812,1012.5619506835938,1140.44677734375,1296.2861328125
/home/ubuntu/yolo/datasets/v10_dataset/train2017/IMG_2682.JPG,0,0.7898666262626648,800.948974609375,527.75048828125,834.26708984375,563.9710693359375
/home/ubuntu/yolo/datasets/v10_dataset/train2017/IMG_2682.JPG,0,0.5537898540496826,760.4544677734375,530.759765625,784.5943603515625,558.1207275390625
/home/ubuntu/yolo/datasets/v10_dataset/train2017/IMG_2706.JPG,0,0.8075975775718689,847.2341918945312,417.3067626953125,887.7402954101562,462.9088134765625
/home/ubuntu/yolo/datasets/v10_dataset/train2017/IMG_2706.JPG,0,0.39032670855522156,810.7173461914062,414.84356689453125,833.7907104492188,446.8817138671875
/home/ubuntu/yolo/datasets/v10_dataset/train2017/IMG_2707.jpg,0,0.7984169721603394,592.857421875,930.093505859375,691.4208984375,1067.44873046875
/home/ubuntu/yolo/datasets/v10_dataset/train2017/IMG_2707_1.JPG,0,0.8136022686958313,841.5260009765625,466.8577880859375,878.3319091796875,509.573486328125
/home/ubuntu/yolo/datasets/v10_dataset/train2017/IMG_2707_1.JPG,0,0.5988587737083435,804.004150390625,467.11553955078125,830.1788330078125,498.7822265625
/home/ubuntu/yolo/datasets/v10_dataset/train2017/IMG_2708.jpg,0,0.8202642798423767,542.1770629882812,1224.5970458984375,652.6787719726562,1374.2755126953125
/home/ubuntu/yolo/datasets/v10_dataset/train2017/IMG_2708_1.JPG,0,0.7722189426422119,822.988037109375,518.37060546875,859.19482421875,555.751220703125
/home/ubuntu/yolo/datasets/v10_dataset/train2017/IMG_2708_1.JPG,0,0.7010869383811951,784.6197509765625,520.3831787109375,808.9290771484375,549.7613525390625
/home/ubuntu/yolo/datasets/v10_dataset/train2017/IMG_2709.JPG,0,0.7283245325088501,816.66015625,553.3876953125,850.86181640625,582.44384765625
/home/ubuntu/yolo/datasets/v10_dataset/train2017/IMG_2709.JPG,0,0.7142435908317566,776.1068115234375,549.3834228515625,798.3939208984375,577.6201171875
/home/ubuntu/yolo/datasets/v10_dataset/train2017/IMG_2710.jpg,0,0.7447466254234314,428.649658203125,1831.909912109375,525.804443359375,1944.0
/home/ubuntu/yolo/datasets/v10_dataset/train2017/IMG_3182.JPG,0,0.8261716961860657,650.56396484375,217.31838989257812,677.37890625,257.0606994628906
/home/ubuntu/yolo/datasets/v10_dataset/train2017/IMG_3182.JPG,0,0.7974348664283752,992.595703125,240.12802124023438,1016.5048828125,272.3230895996094
/home/ubuntu/yolo/datasets/v10_dataset/train2017/IMG_3338.JPG,0,0.8321325182914734,866.453369140625,201.40084838867188,897.201904296875,244.06875610351562
/home/ubuntu/yolo/datasets/v10_dataset/train2017/IMG_3556.JPG,0,0.8305518627166748,520.0556640625,585.548828125,559.8212890625,632.34228515625
/home/ubuntu/yolo/datasets/v10_dataset/train2017/IMG_3557.JPG,0,0.8292732238769531,507.16351318359375,525.1387939453125,547.1023559570312,569.1346435546875
/home/ubuntu/yolo/datasets/v10_dataset/train2017/IMG_3558.JPG,0,0.8422511219978333,499.21685791015625,441.05596923828125,541.3978881835938,478.89727783203125
/home/ubuntu/yolo/datasets/v10_dataset/train2017/IMG_3559.JPG,0,0.8382717370986938,490.66387939453125,349.9635009765625,523.3943481445312,386.891357421875
/home/ubuntu/yolo/datasets/v10_dataset/train2017/IMG_3764.JPG,0,0.7432899475097656,776.498291015625,216.9442138671875,798.509765625,247.43792724609375
/home/ubuntu/yolo/datasets/v10_dataset/train2017/IMG_3769.JPG,0,0.8515142202377319,874.1810302734375,231.6163330078125,904.383544921875,270.86614990234375
/home/ubuntu/yolo/datasets/v10_dataset/train2017/IMG_3769.JPG,0,0.14736981689929962,649.5675048828125,408.08782958984375,672.038818359375,452.06842041015625
/home/ubuntu/yolo/datasets/v10_dataset/train2017/IMG_3872.JPG,0,0.7961668372154236,430.9130859375,558.213623046875,459.896484375,591.207763671875
/home/ubuntu/yolo/datasets/v10_dataset/train2017/IMG_3950.JPG,0,0.8391595482826233,431.0059509277344,455.18292236328125,463.3508605957031,502.84771728515625
/home/ubuntu/yolo/datasets/v10_dataset/train2017/IMG_3950.JPG,0,0.8353953957557678,827.3704833984375,434.1370849609375,856.9979248046875,485.96728515625
/home/ubuntu/yolo/datasets/v10_dataset/train2017/IMG_3951.JPG,0,0.8596922755241394,435.7706298828125,579.8049926757812,469.96295166015625,623.8600463867188
/home/ubuntu/yolo/datasets/v10_dataset/train2017/IMG_3951.JPG,0,0.8180189728736877,832.3536376953125,584.2965698242188,866.0372314453125,641.1304321289062
/home/ubuntu/yolo/datasets/v10_dataset/train2017/IMG_3965.JPG,0,0.8370554447174072,473.4125061035156,358.07086181640625,505.8719787597656,391.23907470703125
/home/ubuntu/yolo/datasets/v10_dataset/train2017/IMG_3965.JPG,0,0.7849807143211365,873.6500244140625,320.7225036621094,900.582275390625,353.1251525878906
/home/ubuntu/yolo/datasets/v10_dataset/train2017/IMG_3966.JPG,0,0.8296691179275513,476.5528564453125,479.45001220703125,505.5479736328125,523.0370483398438
/home/ubuntu/yolo/datasets/v10_dataset/train2017/IMG_3966.JPG,0,0.8244971632957458,869.8001708984375,458.947021484375,900.7794189453125,508.35040283203125
/home/ubuntu/yolo/datasets/v10_dataset/train2017/IMG_4005.JPG,0,0.8041144013404846,551.9978637695312,317.445556640625,575.7849731445312,354.40478515625
/home/ubuntu/yolo/datasets/v10_dataset/train2017/IMG_4125.JPG,0,0.8127529621124268,637.05419921875,196.35671997070312,668.1400146484375,242.88763427734375
/home/ubuntu/yolo/datasets/v10_dataset/train2017/IMG_4126.JPG,0,0.7801666855812073,625.127197265625,107.02816772460938,654.815185546875,152.89993286132812
/home/ubuntu/yolo/datasets/v10_dataset/train2017/IMG_4126.JPG,0,0.10971323400735855,780.48095703125,300.4891357421875,802.27880859375,322.9483642578125
/home/ubuntu/yolo/datasets/v10_dataset/train2017/IMG_4127.JPG,0,0.8327842354774475,614.390869140625,52.874542236328125,643.4305419921875,97.70077514648438
/home/ubuntu/yolo/datasets/v10_dataset/train2017/IMG_4142.JPG,0,0.7733783721923828,689.4154052734375,414.82769775390625,715.1348876953125,447.40216064453125
/home/ubuntu/yolo/datasets/v10_dataset/train2017/IMG_4143.JPG,0,0.7909626960754395,675.5182495117188,303.8619079589844,701.9026489257812,346.4814147949219
/home/ubuntu/yolo/datasets/v10_dataset/train2017/IMG_4143.JPG,0,0.16537080705165863,504.4360656738281,517.6402587890625,526.753173828125,548.3768310546875
/home/ubuntu/yolo/datasets/v10_dataset/train2017/IMG_4143bc.JPG,0,0.828514039516449,529.740234375,290.158447265625,605.639404296875,499.49383544921875
/home/ubuntu/yolo/datasets/v10_dataset/train2017/IMG_4144.JPG,0,0.7995089888572693,659.3670654296875,196.2379150390625,690.3682861328125,244.05252075195312
/home/ubuntu/yolo/datasets/v10_dataset/train2017/IMG_4145.JPG,0,0.8019953370094299,657.6273193359375,117.32980346679688,689.211181640625,164.95346069335938
/home/ubuntu/yolo/datasets/v10_dataset/train2017/IMG_4205.JPG,0,0.846248209476471,656.806396484375,292.82769775390625,697.0157470703125,353.48858642578125
/home/ubuntu/yolo/datasets/v10_dataset/train2017/IMG_4206.JPG,0,0.834662139415741,612.7264404296875,171.27505493164062,654.42822265625,236.84658813476562
/home/ubuntu/yolo/datasets/v10_dataset/train2017/IMG_4207.JPG,0,0.8232274055480957,578.8982543945312,92.99752807617188,616.5244750976562,145.17449951171875
/home/ubuntu/yolo/datasets/v10_dataset/train2017/IMG_4211.JPG,0,0.5823079943656921,488.8648681640625,445.6737976074219,516.5354614257812,480.6081237792969
/home/ubuntu/yolo/datasets/v10_dataset/train2017/IMG_4215.JPG,0,0.8117369413375854,834.645751953125,342.79425048828125,863.17626953125,399.7027587890625
/home/ubuntu/yolo/datasets/v10_dataset/train2017/IMG_4216.JPG,0,0.8228273391723633,797.210693359375,228.02093505859375,834.32470703125,294.57421875
/home/ubuntu/yolo/datasets/v10_dataset/train2017/IMG_4217.JPG,0,0.8417422771453857,763.224609375,140.704833984375,802.45166015625,203.53793334960938
/home/ubuntu/yolo/datasets/v10_dataset/train2017/IMG_4217bc1.JPG,0,0.8065804839134216,517.7683715820312,201.89683532714844,587.8229370117188,445.8675537109375
/home/ubuntu/yolo/datasets/v10_dataset/train2017/IMG_4218.JPG,0,0.8619106411933899,738.1234130859375,95.13782501220703,777.7584228515625,148.96783447265625
/home/ubuntu/yolo/datasets/v10_dataset/train2017/IMG_4220.JPG,0,0.8293786644935608,716.92822265625,468.27520751953125,750.9638671875,521.2958374023438
/home/ubuntu/yolo/datasets/v10_dataset/train2017/IMG_4221.JPG,0,0.8303841352462769,670.473876953125,317.87652587890625,707.977294921875,378.06597900390625
/home/ubuntu/yolo/datasets/v10_dataset/train2017/IMG_4221bc3.JPG,0,0.7794448137283325,631.0323486328125,309.25714111328125,719.4820556640625,556.0374145507812
/home/ubuntu/yolo/datasets/v10_dataset/train2017/IMG_4222.JPG,0,0.8036413788795471,631.0693359375,181.81997680664062,671.77880859375,248.07077026367188
/home/ubuntu/yolo/datasets/v10_dataset/train2017/IMG_4223.JPG,0,0.8529144525527954,597.7315673828125,95.5888671875,637.2708740234375,154.63348388671875
/home/ubuntu/yolo/datasets/v10_dataset/train2017/IMG_4239.JPG,0,0.8140304088592529,557.1268310546875,637.63916015625,599.7667236328125,690.34765625
/home/ubuntu/yolo/datasets/v10_dataset/train2017/IMG_4597.JPG,0,0.22753500938415527,846.1775512695312,373.0589599609375,867.2294311523438,405.54443359375
/home/ubuntu/yolo/datasets/v10_dataset/train2017/IMG_4597.JPG,0,0.14306360483169556,812.4192504882812,357.84576416015625,837.0652465820312,393.77008056640625
/home/ubuntu/yolo/datasets/v10_dataset/train2017/IMG_4599.JPG,0,0.14543958008289337,504.2667236328125,543.288330078125,524.1710205078125,568.0506591796875
/home/ubuntu/yolo/datasets/v10_dataset/train2017/IMG_4603.JPG,0,0.24961647391319275,829.8194580078125,378.66217041015625,852.6610107421875,410.8062744140625
/home/ubuntu/yolo/datasets/v10_dataset/train2017/IMG_4605.JPG,0,0.34448426961898804,812.7495727539062,604.4658813476562,831.1862182617188,628.2537231445312
/home/ubuntu/yolo/datasets/v10_dataset/train2017/IMG_4610.JPG,0,0.8520930409431458,853.1942749023438,263.5072021484375,885.9260864257812,303.3992919921875
/home/ubuntu/yolo/datasets/v10_dataset/train2017/IMG_4965.JPG,0,0.7680689692497253,400.6007385253906,643.1177978515625,426.5096130371094,687.4517822265625
/home/ubuntu/yolo/datasets/v10_dataset/train2017/IMG_4966.JPG,0,0.8364391326904297,402.8538818359375,558.219970703125,434.51361083984375,604.4967041015625
/home/ubuntu/yolo/datasets/v10_dataset/train2017/IMG_4967.JPG,0,0.8049503564834595,406.4960021972656,446.481201171875,436.7607116699219,492.8597412109375
/home/ubuntu/yolo/datasets/v10_dataset/train2017/IMG_4973.JPG,0,0.797869861125946,497.8001708984375,255.569580078125,531.5008544921875,296.31591796875
/home/ubuntu/yolo/datasets/v10_dataset/train2017/IMG_4974.JPG,0,0.7873740196228027,491.04644775390625,154.70977783203125,525.5497436523438,196.95828247070312
/home/ubuntu/yolo/datasets/v10_dataset/train2017/IMG_5232.jpg,0,0.8341898322105408,1269.2164306640625,537.0525512695312,1373.99560546875,662.6400146484375
/home/ubuntu/yolo/datasets/v10_dataset/train2017/IMG_5571.jpg,0,0.17553062736988068,354.404541015625,1200.2352294921875,393.6668701171875,1262.4150390625
/home/ubuntu/yolo/datasets/v10_dataset/train2017/IMG_5646poi.JPG,0,0.8203844428062439,540.2764892578125,308.23419189453125,632.2467041015625,437.20062255859375
/home/ubuntu/yolo/datasets/v10_dataset/train2017/IMG_5647.JPG,0,0.7555623054504395,844.231689453125,577.308349609375,867.52197265625,606.886962890625
/home/ubuntu/yolo/datasets/v10_dataset/train2017/IMG_5660.JPG,0,0.7438332438468933,815.649658203125,549.6021118164062,845.09716796875,581.9393920898438
/home/ubuntu/yolo/datasets/v10_dataset/train2017/IMG_5683.JPG,0,0.7587931156158447,1017.5704345703125,596.304443359375,1039.9779052734375,623.52099609375
/home/ubuntu/yolo/datasets/v10_dataset/train2017/IMG_5854.JPG,0,0.31167784333229065,834.7062377929688,509.950927734375,861.6860961914062,537.48388671875
/home/ubuntu/yolo/datasets/v10_dataset/train2017/IMG_5894.JPG,0,0.7850086092948914,533.0302124023438,378.0999450683594,562.0405883789062,407.1645812988281
/home/ubuntu/yolo/datasets/v10_dataset/train2017/IMG_5894.JPG,0,0.17409288883209229,845.0228271484375,356.88812255859375,872.7247314453125,381.2213134765625
/home/ubuntu/yolo/datasets/v10_dataset/train2017/IMG_5898.jpg,0,0.2240811586380005,1115.606689453125,1788.041748046875,1251.069580078125,1944.0
/home/ubuntu/yolo/datasets/v10_dataset/train2017/IMG_5899.jpg,0,0.6003441214561462,1152.8487548828125,1337.3765869140625,1283.5682373046875,1546.8922119140625
/home/ubuntu/yolo/datasets/v10_dataset/train2017/IMG_6072.jpg,0,0.21619749069213867,672.8883056640625,0.4548649191856384,828.51171875,104.98979187011719
/home/ubuntu/yolo/datasets/v10_dataset/train2017/IMG_6078.jpg,0,0.2842031419277191,1664.5528564453125,417.9546813964844,1756.994384765625,529.587890625
/home/ubuntu/yolo/datasets/v10_dataset/train2017/IMG_6183POI2.JPG,0,0.7765800952911377,473.9191589355469,383.82489013671875,575.931884765625,526.3071899414062
/home/ubuntu/yolo/datasets/v10_dataset/train2017/IMG_6285.JPG,0,0.8465256690979004,631.803466796875,494.14794921875,658.7188720703125,541.32470703125
/home/ubuntu/yolo/datasets/v10_dataset/train2017/IMG_6304.JPG,0,0.8239094018936157,503.21209716796875,354.89508056640625,534.5209350585938,407.55413818359375
/home/ubuntu/yolo/datasets/v10_dataset/train2017/IMG_6305.JPG,0,0.8199642896652222,486.18304443359375,350.8565368652344,518.9022827148438,402.9961853027344
/home/ubuntu/yolo/datasets/v10_dataset/train2017/IMG_6306.JPG,0,0.83125901222229,453.1439208984375,345.12646484375,486.5574951171875,396.47509765625
/home/ubuntu/yolo/datasets/v10_dataset/train2017/IMG_6307.JPG,0,0.8220231533050537,441.02899169921875,351.1068115234375,474.81939697265625,402.771484375
/home/ubuntu/yolo/datasets/v10_dataset/train2017/IMG_6311.JPG,0,0.7942819595336914,728.843994140625,265.16253662109375,763.95556640625,343.89501953125
/home/ubuntu/yolo/datasets/v10_dataset/train2017/IMG_6550poi.JPG,0,0.7610527276992798,537.167724609375,376.07806396484375,594.240478515625,504.12799072265625
/home/ubuntu/yolo/datasets/v10_dataset/train2017/IMG_7186.JPG,0,0.8020178079605103,561.3028564453125,397.67950439453125,592.7852783203125,434.4407958984375
/home/ubuntu/yolo/datasets/v10_dataset/train2017/IMG_7595.JPG,0,0.7591093182563782,710.2077026367188,442.13922119140625,735.4378051757812,491.30535888671875
/home/ubuntu/yolo/datasets/v10_dataset/train2017/IMG_7595.JPG,0,0.34681960940361023,689.0501708984375,433.0804443359375,709.3013916015625,487.1033935546875
/home/ubuntu/yolo/datasets/v10_dataset/train2017/IMG_7596.JPG,0,0.6627197861671448,779.726806640625,466.4261474609375,804.2373046875,522.4761962890625
/home/ubuntu/yolo/datasets/v10_dataset/train2017/IMG_7596.JPG,0,0.40669581294059753,754.873291015625,461.2419128417969,782.87158203125,520.200439453125
/home/ubuntu/yolo/datasets/v10_dataset/train2017/IMG_7596POI.JPG,0,0.7124828696250916,507.4573059082031,197.88006591796875,577.646728515625,512.4608764648438
/home/ubuntu/yolo/datasets/v10_dataset/train2017/IMG_7596POI.JPG,0,0.7080785632133484,582.9822998046875,201.1918182373047,681.8646240234375,530.8701782226562
/home/ubuntu/yolo/datasets/v10_dataset/train2017/IMG_7597.JPG,0,0.6792027950286865,643.222412109375,617.861328125,668.756591796875,672.841552734375
/home/ubuntu/yolo/datasets/v10_dataset/train2017/IMG_7597.JPG,0,0.4604296386241913,621.5625,612.389404296875,645.3138427734375,671.7452392578125
/home/ubuntu/yolo/datasets/v10_dataset/train2017/IMG_7598.JPG,0,0.6849125027656555,612.5332641601562,557.1241455078125,638.7031860351562,605.8946533203125
/home/ubuntu/yolo/datasets/v10_dataset/train2017/IMG_7598.JPG,0,0.21258549392223358,591.974853515625,554.6116943359375,613.2657470703125,604.3377685546875
/home/ubuntu/yolo/datasets/v10_dataset/train2017/IMG_7599.JPG,0,0.7295100092887878,581.706298828125,458.8480224609375,606.9886474609375,498.47491455078125
/home/ubuntu/yolo/datasets/v10_dataset/train2017/IMG_7599.JPG,0,0.14868469536304474,561.27392578125,456.95538330078125,576.5997314453125,498.67828369140625
/home/ubuntu/yolo/datasets/v10_dataset/train2017/IMG_7600.JPG,0,0.670539379119873,643.0433349609375,543.0977783203125,667.6612548828125,580.7296142578125
/home/ubuntu/yolo/datasets/v10_dataset/train2017/IMG_7600.JPG,0,0.20883533358573914,627.4024658203125,542.1040649414062,645.2945556640625,581.2318725585938
/home/ubuntu/yolo/datasets/v10_dataset/train2017/IMG_7600.JPG,0,0.13120463490486145,717.5743408203125,549.6861572265625,733.1341552734375,572.9635009765625
/home/ubuntu/yolo/datasets/v10_dataset/train2017/IMG_7601.JPG,0,0.6723203063011169,621.4173583984375,616.3251953125,646.9085693359375,651.996337890625
/home/ubuntu/yolo/datasets/v10_dataset/train2017/IMG_7633.JPG,0,0.8030181527137756,628.451171875,274.63702392578125,659.283447265625,313.47137451171875
/home/ubuntu/yolo/datasets/v10_dataset/train2017/IMG_7633.JPG,0,0.7906121015548706,935.1192626953125,285.82806396484375,962.0284423828125,328.55633544921875
/home/ubuntu/yolo/datasets/v10_dataset/train2017/IMG_8549.JPG,0,0.8146304488182068,782.9909057617188,248.37158203125,807.7698364257812,289.5958251953125
/home/ubuntu/yolo/datasets/v10_dataset/train2017/IMG_8736.JPG,0,0.842034101486206,634.399169921875,93.188720703125,676.7178955078125,142.65524291992188
/home/ubuntu/yolo/datasets/v10_dataset/train2017/IMG_8784.JPG,0,0.7933918237686157,904.003173828125,195.13839721679688,930.545654296875,228.31204223632812
/home/ubuntu/yolo/datasets/v10_dataset/train2017/IMG_8805.JPG,0,0.7342384457588196,597.858642578125,507.8487548828125,620.54736328125,545.455322265625
/home/ubuntu/yolo/datasets/v10_dataset/train2017/IMG_8928.JPG,0,0.8371450901031494,788.4901123046875,388.8554382324219,816.7222900390625,430.6343078613281
/home/ubuntu/yolo/datasets/v10_dataset/train2017/IMG_8928BC1.JPG,0,0.7365827560424805,502.802490234375,226.29730224609375,588.8243408203125,495.01153564453125
/home/ubuntu/yolo/datasets/v10_dataset/train2017/IMG_8929.JPG,0,0.8220030665397644,776.57421875,448.1134033203125,807.898193359375,488.90185546875
/home/ubuntu/yolo/datasets/v10_dataset/train2017/IMG_8948.JPG,0,0.8437119722366333,859.3073120117188,210.13336181640625,881.0460815429688,237.4443359375
/home/ubuntu/yolo/datasets/v10_dataset/train2017/IMG_8949.JPG,0,0.8397561311721802,840.2047119140625,277.77154541015625,864.5628662109375,312.76165771484375
/home/ubuntu/yolo/datasets/v10_dataset/train2017/IMG_8950.JPG,0,0.8434703946113586,814.81982421875,348.3499450683594,843.371826171875,387.6554260253906
/home/ubuntu/yolo/datasets/v10_dataset/train2017/IMG_8951.JPG,0,0.8418067097663879,811.488037109375,407.7989501953125,840.64599609375,448.69921875
/home/ubuntu/yolo/datasets/v10_dataset/train2017/IMG_8952.JPG,0,0.8294562697410583,814.6573486328125,466.90374755859375,844.5894775390625,510.00897216796875
/home/ubuntu/yolo/datasets/v10_dataset/train2017/IMG_8953.JPG,0,0.8435592651367188,802.8919677734375,513.7413330078125,832.8326416015625,555.7186279296875
/home/ubuntu/yolo/datasets/v10_dataset/train2017/IMG_8954.JPG,0,0.8145610094070435,805.5806884765625,562.31982421875,834.5789794921875,602.88720703125
/home/ubuntu/yolo/datasets/v10_dataset/train2017/IMG_8970.JPG,0,0.7308995723724365,452.83477783203125,454.4042053222656,478.18902587890625,481.0183410644531
/home/ubuntu/yolo/datasets/v10_dataset/train2017/img-0475.jpg,0,0.7969346046447754,1759.860107421875,923.6295776367188,1837.6104736328125,1061.4501953125
/home/ubuntu/yolo/datasets/v10_dataset/train2017/img-0476.jpg,0,0.8025346994400024,1784.088134765625,1301.70068359375,1864.966552734375,1466.9678955078125
/home/ubuntu/yolo/datasets/v10_dataset/train2017/img-0477.jpg,0,0.8311895728111267,1813.4736328125,1602.8231201171875,1890.0078125,1761.4566650390625
/home/ubuntu/yolo/datasets/v10_dataset/train2017/img-0478.jpg,0,0.7964449524879456,1860.298095703125,1832.7628173828125,1918.7567138671875,1938.3824462890625
/home/ubuntu/yolo/datasets/v10_dataset/train2017/img-0491.jpg,0,0.7510809302330017,1805.57275390625,311.5587463378906,1877.712646484375,390.58282470703125
/home/ubuntu/yolo/datasets/v10_dataset/train2017/img-0492.jpg,0,0.7990415096282959,1778.8199462890625,699.9840087890625,1863.9312744140625,805.8787841796875
/home/ubuntu/yolo/datasets/v10_dataset/train2017/img-0493.jpg,0,0.8168627619743347,1742.841796875,1098.9437255859375,1828.8704833984375,1252.7791748046875
/home/ubuntu/yolo/datasets/v10_dataset/train2017/img-0503.jpg,0,0.6821820139884949,1668.8489990234375,266.6141052246094,1713.787109375,316.657958984375
/home/ubuntu/yolo/datasets/v10_dataset/train2017/img-0504.jpg,0,0.7945138812065125,1625.3614501953125,536.0020141601562,1686.4580078125,606.4923095703125
/home/ubuntu/yolo/datasets/v10_dataset/train2017/img-0505.jpg,0,0.8089756369590759,1614.9998779296875,822.9075317382812,1692.2467041015625,929.8921508789062
/home/ubuntu/yolo/datasets/v10_dataset/train2017/img-0506.jpg,0,0.8183605670928955,1598.5491943359375,1158.72119140625,1670.4490966796875,1282.3712158203125
/home/ubuntu/yolo/datasets/v10_dataset/train2017/img-0507.jpg,0,0.819372296333313,1612.0079345703125,1434.1529541015625,1679.5396728515625,1559.5072021484375
/home/ubuntu/yolo/datasets/v10_dataset/train2017/img-0508.jpg,0,0.801609218120575,1641.1923828125,1635.6968994140625,1691.85595703125,1742.03857421875
/home/ubuntu/yolo/datasets/v10_dataset/train2017/img-0532.jpg,0,0.7811440229415894,1193.4549560546875,967.8232421875,1275.6317138671875,1054.261474609375
/home/ubuntu/yolo/datasets/v10_dataset/train2017/img-0533.jpg,0,0.8185609579086304,1002.6846313476562,840.6781005859375,1123.406005859375,923.0504150390625
/home/ubuntu/yolo/datasets/v10_dataset/train2017/img-0534.jpg,0,0.8418416976928711,828.4993286132812,688.4417114257812,965.4381713867188,785.1826782226562
/home/ubuntu/yolo/datasets/v10_dataset/train2017/img-0535.jpg,0,0.8587888479232788,654.1594848632812,545.7903442382812,803.7894897460938,652.6318359375
/home/ubuntu/yolo/datasets/v10_dataset/train2017/img-0536.jpg,0,0.8453317880630493,511.1903076171875,377.8894958496094,656.0321655273438,479.25860595703125
/home/ubuntu/yolo/datasets/v10_dataset/train2017/img-0537.jpg,0,0.8228450417518616,356.2241516113281,209.25531005859375,491.85052490234375,307.15008544921875
/home/ubuntu/yolo/datasets/v10_dataset/train2017/img-0538.jpg,0,0.8701934814453125,275.4433898925781,73.71297454833984,397.5462951660156,179.14987182617188
/home/ubuntu/yolo/datasets/v10_dataset/train2017/img-0539.jpg,0,0.7961225509643555,235.5495147705078,42.03939437866211,314.3652648925781,102.51792907714844
/home/ubuntu/yolo/datasets/v10_dataset/train2017/img-0539.jpg,0,0.15250618755817413,120.0699462890625,0.2482178509235382,299.7349853515625,31.87549591064453
/home/ubuntu/yolo/datasets/v10_dataset/train2017/img-0544.jpg,0,0.8251111507415771,955.830322265625,1437.8724365234375,1014.0167236328125,1549.628662109375
/home/ubuntu/yolo/datasets/v10_dataset/train2017/img-0545.jpg,0,0.8307124376296997,955.8150634765625,1267.6220703125,1023.1629028320312,1401.9111328125
/home/ubuntu/yolo/datasets/v10_dataset/train2017/img-0546.jpg,0,0.8253543972969055,956.0054321289062,1021.1666259765625,1029.2987060546875,1147.18115234375
/home/ubuntu/yolo/datasets/v10_dataset/train2017/img-0547.jpg,0,0.8217500448226929,959.4061889648438,795.3582153320312,1032.417724609375,920.5418701171875
/home/ubuntu/yolo/datasets/v10_dataset/train2017/img-0548.jpg,0,0.8501406311988831,967.4609985351562,542.58935546875,1037.4090576171875,647.2678833007812
/home/ubuntu/yolo/datasets/v10_dataset/train2017/img-0549.jpg,0,0.8128119111061096,986.9030151367188,281.8810119628906,1042.5408935546875,359.3644714355469
/home/ubuntu/yolo/datasets/v10_dataset/train2017/img-0550.jpg,0,0.5353909134864807,991.7828369140625,21.224950790405273,1049.0546875,87.08883666992188
/home/ubuntu/yolo/datasets/v10_dataset/train2017/img-0559.jpg,0,0.13064417243003845,1105.93212890625,1217.2762451171875,1166.5634765625,1277.6751708984375
/home/ubuntu/yolo/datasets/v10_dataset/train2017/img-0563.jpg,0,0.48871874809265137,1349.98583984375,733.8992919921875,1418.40380859375,794.940185546875
/home/ubuntu/yolo/datasets/v10_dataset/train2017/img-0567.jpg,0,0.6709684133529663,918.320068359375,1482.67529296875,968.3880004882812,1593.33740234375
/home/ubuntu/yolo/datasets/v10_dataset/train2017/img-0568.jpg,0,0.8251196146011353,929.8588256835938,1400.418701171875,991.4779663085938,1507.5771484375
/home/ubuntu/yolo/datasets/v10_dataset/train2017/img-0569.jpg,0,0.8238138556480408,952.0667114257812,1153.60498046875,1016.333984375,1271.9476318359375
/home/ubuntu/yolo/datasets/v10_dataset/train2017/img-0712.jpg,0,0.6310247182846069,793.7546997070312,1028.535400390625,863.7984008789062,1082.640869140625
/home/ubuntu/yolo/datasets/v10_dataset/train2017/img-0713.jpg,0,0.6942838430404663,2463.380859375,1179.045166015625,2525.234375,1240.0391845703125
/home/ubuntu/yolo/datasets/v10_dataset/train2017/img-0714.jpg,0,0.8190160989761353,2302.38134765625,1196.10791015625,2418.757568359375,1285.3955078125
/home/ubuntu/yolo/datasets/v10_dataset/train2017/img-0715.jpg,0,0.8000451922416687,2117.185546875,1223.046875,2249.7587890625,1304.63330078125
/home/ubuntu/yolo/datasets/v10_dataset/train2017/img-0716.jpg,0,0.8212252855300903,1892.7578125,1223.81494140625,2019.3812255859375,1304.6634521484375
/home/ubuntu/yolo/datasets/v10_dataset/train2017/img-0717.jpg,0,0.8085285425186157,1634.0103759765625,1210.170166015625,1722.264892578125,1279.938720703125
/home/ubuntu/yolo/datasets/v10_dataset/train2017/img-0718.jpg,0,0.519915759563446,1441.3577880859375,1207.5665283203125,1527.641845703125,1247.7310791015625
/home/ubuntu/yolo/datasets/v10_dataset/train2017/img-0725.jpg,0,0.19165493547916412,1484.285400390625,1215.01806640625,1561.979736328125,1259.43212890625
/home/ubuntu/yolo/datasets/v10_dataset/train2017/img-0731.jpg,0,0.812972366809845,564.884033203125,1066.4208984375,745.647705078125,1159.502685546875
/home/ubuntu/yolo/datasets/v10_dataset/train2017/img-0732.jpg,0,0.7709728479385376,394.8470153808594,1096.3314208984375,548.3010864257812,1156.5059814453125
/home/ubuntu/yolo/datasets/v10_dataset/train2017/img-0733.jpg,0,0.8063830137252808,278.9915466308594,1097.033447265625,416.2828063964844,1167.8006591796875
/home/ubuntu/yolo/datasets/v10_dataset/train2017/img-0752.jpg,0,0.7664896249771118,2181.92919921875,1446.62451171875,2248.40478515625,1516.525146484375
/home/ubuntu/yolo/datasets/v10_dataset/train2017/img-0753.jpg,0,0.7714324593544006,2016.2022705078125,1203.7276611328125,2088.21142578125,1286.6829833984375
/home/ubuntu/yolo/datasets/v10_dataset/train2017/img-0754.jpg,0,0.8076443076133728,1838.691650390625,939.514892578125,1920.0701904296875,1038.16357421875
/home/ubuntu/yolo/datasets/v10_dataset/train2017/img-0755.jpg,0,0.799868106842041,1633.7708740234375,683.4262084960938,1725.5045166015625,791.7660522460938
/home/ubuntu/yolo/datasets/v10_dataset/train2017/img-0756.jpg,0,0.8341624736785889,1537.6602783203125,468.5230407714844,1636.620849609375,574.7291259765625
/home/ubuntu/yolo/datasets/v10_dataset/train2017/img-0757.jpg,0,0.8105102777481079,1363.132080078125,313.4604187011719,1468.7230224609375,427.05902099609375
/home/ubuntu/yolo/datasets/v10_dataset/train2017/img-0758.jpg,0,0.7712091207504272,1234.195556640625,188.2239990234375,1302.9237060546875,255.05157470703125
/home/ubuntu/yolo/datasets/v10_dataset/train2017/img-0784.jpg,0,0.802772045135498,1536.8131103515625,789.6810913085938,1613.76611328125,888.8084106445312
/home/ubuntu/yolo/datasets/v10_dataset/train2017/img-0785.jpg,0,0.8387433886528015,1678.3505859375,998.2850952148438,1771.119384765625,1124.852783203125
/home/ubuntu/yolo/datasets/v10_dataset/train2017/img-0786.jpg,0,0.8710623979568481,1765.8311767578125,1229.92529296875,1882.7764892578125,1380.2098388671875
/home/ubuntu/yolo/datasets/v10_dataset/train2017/img-0787.jpg,0,0.836722731590271,1921.12939453125,1480.6533203125,2045.27978515625,1638.818359375
/home/ubuntu/yolo/datasets/v10_dataset/train2017/img-0788.jpg,0,0.846520721912384,2049.186279296875,1724.448974609375,2176.015869140625,1876.2364501953125
/home/ubuntu/yolo/datasets/v10_dataset/train2017/img-0798.jpg,0,0.15838761627674103,2266.947509765625,1755.509765625,2366.8984375,1835.0574951171875
/home/ubuntu/yolo/datasets/v10_dataset/train2017/img-0805.jpg,0,0.10081995278596878,2563.158203125,1828.7447509765625,2592.0,1944.0
/home/ubuntu/yolo/datasets/v10_dataset/train2017/img-0808.jpg,0,0.788013756275177,1687.011962890625,693.1895141601562,1761.2991943359375,784.6980590820312
/home/ubuntu/yolo/datasets/v10_dataset/train2017/img-0809.jpg,0,0.8161281943321228,1755.6328125,889.7515869140625,1841.4674072265625,1008.678955078125
/home/ubuntu/yolo/datasets/v10_dataset/train2017/img-0823.jpg,0,0.15634649991989136,957.0411987304688,553.3683471679688,1022.95751953125,634.1597290039062
/home/ubuntu/yolo/datasets/v10_dataset/train2017/img-0891.jpg,0,0.6531497836112976,1624.1588134765625,1178.6424560546875,1687.210205078125,1232.891357421875
/home/ubuntu/yolo/datasets/v10_dataset/train2017/img-0892.jpg,0,0.8161001205444336,1448.7076416015625,1062.095947265625,1544.907958984375,1126.701904296875
/home/ubuntu/yolo/datasets/v10_dataset/train2017/img-0893.jpg,0,0.8364188075065613,1250.23486328125,951.6165771484375,1348.497314453125,1022.98486328125
/home/ubuntu/yolo/datasets/v10_dataset/train2017/img-0894.jpg,0,0.8249748945236206,1052.498291015625,845.54443359375,1162.23193359375,926.5506591796875
/home/ubuntu/yolo/datasets/v10_dataset/train2017/img-0895.jpg,0,0.839144766330719,873.0099487304688,726.0623168945312,984.1074829101562,808.7119750976562
/home/ubuntu/yolo/datasets/v10_dataset/train2017/img-0896.jpg,0,0.8079438805580139,706.9010009765625,622.458984375,825.2151489257812,703.0911865234375
/home/ubuntu/yolo/datasets/v10_dataset/train2017/img-0897.jpg,0,0.8591999411582947,589.5205688476562,506.5912170410156,710.4579467773438,586.4185180664062
/home/ubuntu/yolo/datasets/v10_dataset/train2017/img-0898.jpg,0,0.8710761666297913,516.640625,394.9798889160156,627.0613403320312,481.1214904785156
/home/ubuntu/yolo/datasets/v10_dataset/train2017/img-1420.jpg,0,0.3038206696510315,783.2858276367188,0.0,862.9049072265625,53.48092269897461
/home/ubuntu/yolo/datasets/v10_dataset/train2017/img-1425.jpg,0,0.2877485752105713,874.1575927734375,62.289886474609375,951.4376220703125,159.3914031982422
/home/ubuntu/yolo/datasets/v10_dataset/train2017/img-1426.jpg,0,0.7479600310325623,966.1286010742188,1228.73974609375,1031.1209716796875,1306.01806640625
/home/ubuntu/yolo/datasets/v10_dataset/train2017/img-1427.jpg,0,0.8117062449455261,969.0816650390625,671.9998168945312,1039.28564453125,819.7393188476562
/home/ubuntu/yolo/datasets/v10_dataset/train2017/img-1428.jpg,0,0.8122791051864624,997.3526000976562,394.5508728027344,1070.9459228515625,556.2116088867188
/home/ubuntu/yolo/datasets/v10_dataset/train2017/img-1429.jpg,0,0.827276885509491,1029.5640869140625,45.65407180786133,1084.233154296875,203.39768981933594
/home/ubuntu/yolo/datasets/v10_dataset/train2017/img-1460.jpg,0,0.818831205368042,1159.96142578125,1404.687744140625,1220.4864501953125,1465.1630859375
/home/ubuntu/yolo/datasets/v10_dataset/train2017/img-1461.jpg,0,0.8356696367263794,1124.5179443359375,1185.0394287109375,1199.610107421875,1278.092041015625
/home/ubuntu/yolo/datasets/v10_dataset/train2017/img-1462.jpg,0,0.8108220100402832,1047.18212890625,963.7428588867188,1124.287353515625,1073.5443115234375
/home/ubuntu/yolo/datasets/v10_dataset/train2017/img-1463.jpg,0,0.8078869581222534,920.8639526367188,671.2192993164062,997.3870849609375,807.9735717773438
/home/ubuntu/yolo/datasets/v10_dataset/train2017/img-1464.jpg,0,0.793140709400177,830.6744384765625,441.4817199707031,909.5555419921875,588.9686889648438
/home/ubuntu/yolo/datasets/v10_dataset/train2017/img-1465.jpg,0,0.7610725164413452,746.2243041992188,237.90179443359375,838.8845825195312,387.0700988769531
/home/ubuntu/yolo/datasets/v10_dataset/train2017/img-1466.jpg,0,0.7977340817451477,641.3985595703125,66.57879638671875,732.7314453125,205.78994750976562
/home/ubuntu/yolo/datasets/v10_dataset/train2017/img-1467.jpg,0,0.7667445540428162,570.5137329101562,0.0,663.0529174804688,95.54179382324219
/home/ubuntu/yolo/datasets/v10_dataset/train2017/img-1480.jpg,0,0.8116614818572998,1379.7750244140625,1481.8026123046875,1457.3145751953125,1560.6326904296875
/home/ubuntu/yolo/datasets/v10_dataset/train2017/img-1481.jpg,0,0.8359667062759399,1381.8905029296875,1275.0537109375,1460.0582275390625,1378.1478271484375
/home/ubuntu/yolo/datasets/v10_dataset/train2017/img-1482.jpg,0,0.8214960098266602,1385.977294921875,1045.2132568359375,1465.468994140625,1172.7833251953125
/home/ubuntu/yolo/datasets/v10_dataset/train2017/img-1483.jpg,0,0.8249673843383789,1396.17822265625,801.0415649414062,1472.6759033203125,955.8430786132812
/home/ubuntu/yolo/datasets/v10_dataset/train2017/img-1484.jpg,0,0.8319012522697449,1393.1453857421875,553.422607421875,1469.6163330078125,719.4501342773438
/home/ubuntu/yolo/datasets/v10_dataset/train2017/img-1485.jpg,0,0.8564660549163818,1385.647705078125,325.41180419921875,1466.1812744140625,496.067626953125
/home/ubuntu/yolo/datasets/v10_dataset/train2017/img-1486.jpg,0,0.8165563941001892,1365.382568359375,132.20101928710938,1445.9820556640625,298.2148742675781
/home/ubuntu/yolo/datasets/v10_dataset/train2017/img-1487.jpg,0,0.7737928032875061,1348.454345703125,0.0,1421.525390625,84.21173095703125
/home/ubuntu/yolo/datasets/v10_dataset/train2017/img-1815.jpg,0,0.6459035873413086,543.8482055664062,1806.651123046875,580.4366455078125,1862.0562744140625
/home/ubuntu/yolo/datasets/v10_dataset/train2017/img-1817.jpg,0,0.21033531427383423,800.2476806640625,324.62176513671875,867.3240966796875,418.9443359375
/home/ubuntu/yolo/datasets/v10_dataset/train2017/img-1818.jpg,0,0.8455708026885986,1331.411376953125,1064.162109375,1423.170654296875,1196.8797607421875
/home/ubuntu/yolo/datasets/v10_dataset/train2017/img-1819.jpg,0,0.8366976976394653,1521.2071533203125,746.5894775390625,1620.647705078125,884.9443359375
/home/ubuntu/yolo/datasets/v10_dataset/train2017/img-2311.jpg,0,0.8287131190299988,1144.6263427734375,1003.8443603515625,1201.0277099609375,1073.2567138671875
/home/ubuntu/yolo/datasets/v10_dataset/train2017/img-2312.jpg,0,0.8068510293960571,1130.23486328125,694.196044921875,1184.997314453125,781.802978515625
/home/ubuntu/yolo/datasets/v10_dataset/train2017/img-2312.jpg,0,0.5903692245483398,1094.4873046875,1195.260986328125,1150.510986328125,1269.8848876953125
/home/ubuntu/yolo/datasets/v10_dataset/train2017/img-2313.jpg,0,0.8027709722518921,1086.6839599609375,420.4068908691406,1138.94384765625,519.4404907226562
/home/ubuntu/yolo/datasets/v10_dataset/train2017/img-2314.jpg,0,0.74828040599823,1059.0921630859375,287.7771301269531,1104.453369140625,367.6160583496094
/home/ubuntu/yolo/datasets/v10_dataset/train2017/img-2321.jpg,0,0.1153096854686737,1121.1160888671875,1477.522216796875,1196.797607421875,1555.5667724609375
/home/ubuntu/yolo/datasets/v10_dataset/train2017/img-2591.jpg,0,0.8515958786010742,1086.04541015625,87.58898162841797,1268.072998046875,322.87762451171875
/home/ubuntu/yolo/datasets/v10_dataset/train2017/img-2591.jpg,0,0.8238382935523987,1043.9285888671875,315.3097229003906,1131.6556396484375,414.6364440917969
/home/ubuntu/yolo/datasets/v10_dataset/train2017/img-2592.jpg,0,0.8818132281303406,967.4153442382812,430.9896545410156,1140.2586669921875,711.7520141601562
/home/ubuntu/yolo/datasets/v10_dataset/train2017/img-2592.jpg,0,0.8642414808273315,913.904541015625,718.7691040039062,1031.1268310546875,850.4581298828125
/home/ubuntu/yolo/datasets/v10_dataset/train2017/img-2593.jpg,0,0.827492892742157,881.9028930664062,910.9921264648438,1012.1693115234375,1169.87353515625
/home/ubuntu/yolo/datasets/v10_dataset/train2017/img-2593.jpg,0,0.8215845227241516,796.5663452148438,1187.6451416015625,929.1981811523438,1355.8739013671875
/home/ubuntu/yolo/datasets/v10_dataset/train2017/img-2594.jpg,0,0.8375349640846252,840.2095336914062,1372.1182861328125,948.888427734375,1589.8453369140625
/home/ubuntu/yolo/datasets/v10_dataset/train2017/img-2594.jpg,0,0.8045818209648132,783.695068359375,1573.9954833984375,901.9627685546875,1740.5247802734375
/home/ubuntu/yolo/datasets/v10_dataset/train2017/img-2906.jpg,0,0.8006073832511902,1150.744384765625,722.7003173828125,1219.9859619140625,890.8027954101562
/home/ubuntu/yolo/datasets/v10_dataset/train2017/img-2907.jpg,0,0.7720844745635986,1097.9981689453125,836.240478515625,1166.22705078125,1004.8267211914062
/home/ubuntu/yolo/datasets/v10_dataset/train2017/img-3584.jpg,0,0.7418174147605896,1491.8450927734375,1771.357421875,1588.241455078125,1916.759521484375
/home/ubuntu/yolo/datasets/v10_dataset/train2017/img-3586.jpg,0,0.8660792708396912,1701.7884521484375,494.9819030761719,1787.3309326171875,647.8970947265625
/home/ubuntu/yolo/datasets/v10_dataset/train2017/img-3587.jpg,0,0.8657141327857971,1616.5845947265625,879.2344360351562,1703.0396728515625,1059.8865966796875
/home/ubuntu/yolo/datasets/v10_dataset/train2017/img-3588.jpg,0,0.817726194858551,1521.8575439453125,1294.2669677734375,1608.132080078125,1498.1671142578125
/home/ubuntu/yolo/datasets/v10_dataset/train2017/img-3589.jpg,0,0.8213003873825073,1424.61328125,1685.5987548828125,1511.30517578125,1907.5029296875
/home/ubuntu/yolo/datasets/v10_dataset/train2017/img-3598.jpg,0,0.11624610424041748,1658.674560546875,1122.4571533203125,1748.478515625,1272.445556640625
/home/ubuntu/yolo/datasets/v10_dataset/train2017/img-3599.jpg,0,0.7823193073272705,1547.6258544921875,1660.435791015625,1637.3082275390625,1794.27392578125
/home/ubuntu/yolo/datasets/v10_dataset/train2017/img-3601.jpg,0,0.8203752636909485,1814.875732421875,262.4642639160156,1912.2244873046875,430.25054931640625
/home/ubuntu/yolo/datasets/v10_dataset/train2017/img-3602.jpg,0,0.8519268035888672,1703.6336669921875,748.3914794921875,1791.2430419921875,945.196533203125
/home/ubuntu/yolo/datasets/v10_dataset/train2017/img-3603.jpg,0,0.8098853826522827,1622.799072265625,1269.0548095703125,1718.4847412109375,1508.80029296875
/home/ubuntu/yolo/datasets/v10_dataset/train2017/img-3604.jpg,0,0.7761945128440857,1443.6090087890625,1756.5513916015625,1554.4814453125,1943.988525390625
/home/ubuntu/yolo/datasets/v10_dataset/train2017/img-4497.jpg,0,0.761603593826294,920.453857421875,1222.648193359375,1089.7794189453125,1288.063720703125
/home/ubuntu/yolo/datasets/v10_dataset/train2017/img-4498.jpg,0,0.7385578751564026,926.5967407226562,1225.3477783203125,1100.74462890625,1291.2562255859375
/home/ubuntu/yolo/datasets/v10_dataset/train2017/img-4499.jpg,0,0.7740399241447449,936.192138671875,1140.3363037109375,1114.1458740234375,1207.69384765625
/home/ubuntu/yolo/datasets/v10_dataset/train2017/img-4500.jpg,0,0.8020318150520325,1032.1514892578125,1183.1502685546875,1178.5333251953125,1243.966064453125
/home/ubuntu/yolo/datasets/v10_dataset/train2017/img-4501.jpg,0,0.778605580329895,1073.3988037109375,1178.9056396484375,1224.0218505859375,1235.234130859375
/home/ubuntu/yolo/datasets/v10_dataset/train2017/img-4502.jpg,0,0.8551225066184998,554.7109985351562,1358.5643310546875,731.2544555664062,1479.800048828125
/home/ubuntu/yolo/datasets/v10_dataset/train2017/img-4503.jpg,0,0.8291512727737427,858.4896850585938,1516.5823974609375,1027.3460693359375,1634.650390625
/home/ubuntu/yolo/datasets/v10_dataset/train2017/img-4504.jpg,0,0.8302929401397705,1107.2672119140625,1312.216796875,1239.771728515625,1409.6011962890625
/home/ubuntu/yolo/datasets/v10_dataset/train2017/img-4505.jpg,0,0.8137409687042236,1047.36865234375,1244.8885498046875,1177.2877197265625,1341.614013671875
/home/ubuntu/yolo/datasets/v10_dataset/train2017/img-4506.jpg,0,0.8300038576126099,982.0572509765625,1284.24609375,1110.8258056640625,1379.7508544921875
/home/ubuntu/yolo/datasets/v10_dataset/train2017/img-4543.jpg,0,0.8152247667312622,799.0865478515625,799.7019653320312,872.50146484375,911.8793334960938
/home/ubuntu/yolo/datasets/v10_dataset/train2017/img-4544.jpg,0,0.8238562941551208,741.8956298828125,502.7353210449219,813.0577392578125,619.8307495117188
/home/ubuntu/yolo/datasets/v10_dataset/train2017/img-4545.jpg,0,0.8123681545257568,716.4752807617188,295.3210144042969,783.9484252929688,407.0567932128906
/home/ubuntu/yolo/datasets/v10_dataset/train2017/img-4546.jpg,0,0.7531841397285461,1172.929931640625,1368.451171875,1230.7734375,1446.1016845703125
/home/ubuntu/yolo/datasets/v10_dataset/train2017/img-4547.jpg,0,0.810808002948761,1043.6005859375,1037.0028076171875,1121.27978515625,1150.25244140625
/home/ubuntu/yolo/datasets/v10_dataset/train2017/img-4548.jpg,0,0.8154592514038086,978.453857421875,696.7988891601562,1065.034423828125,827.9854125976562
/home/ubuntu/yolo/datasets/v10_dataset/train2017/img-4549.jpg,0,0.8211046457290649,926.869384765625,407.49578857421875,1007.39453125,532.1283569335938
/home/ubuntu/yolo/datasets/v10_dataset/train2017/img-4550.jpg,0,0.8262699246406555,901.5975952148438,214.71475219726562,963.7091674804688,318.62890625
/home/ubuntu/yolo/datasets/v10_dataset/train2017/img-4851.jpg,0,0.8256284594535828,1558.4002685546875,958.8097534179688,1648.7174072265625,1057.478271484375
/home/ubuntu/yolo/datasets/v10_dataset/train2017/img-4853.jpg,0,0.8658438920974731,1474.028564453125,949.404052734375,1561.4520263671875,1070.6375732421875
/home/ubuntu/yolo/datasets/v10_dataset/train2017/img-4854.jpg,0,0.8347281217575073,1578.289306640625,793.3890991210938,1661.54150390625,917.88232421875
/home/ubuntu/yolo/datasets/v10_dataset/train2017/img-4856.jpg,0,0.8661894202232361,1415.421630859375,610.264404296875,1518.89794921875,797.2886352539062
/home/ubuntu/yolo/datasets/v10_dataset/train2017/img-4856.jpg,0,0.2238711267709732,659.2921142578125,0.0,739.1680908203125,57.69094467163086
/home/ubuntu/yolo/datasets/v10_dataset/train2017/img-4857.jpg,0,0.8741834163665771,1562.3251953125,574.022705078125,1668.3770751953125,768.107666015625
/home/ubuntu/yolo/datasets/v10_dataset/train2017/img-4859.jpg,0,0.828186571598053,1326.214599609375,697.0568237304688,1434.0379638671875,897.8074951171875
/home/ubuntu/yolo/datasets/v10_dataset/train2017/img-4860.jpg,0,0.8286110758781433,1456.297607421875,1061.822021484375,1536.8724365234375,1194.9012451171875
/home/ubuntu/yolo/datasets/v10_dataset/train2017/img-4862.jpg,0,0.8241580724716187,1608.4814453125,1166.467529296875,1689.7998046875,1299.9820556640625
/home/ubuntu/yolo/datasets/v10_dataset/train2017/img-4914.jpg,0,0.14270585775375366,1048.16748046875,0.14532595872879028,1139.90380859375,52.34336853027344
/home/ubuntu/yolo/datasets/v10_dataset/train2017/img-4916.jpg,0,0.6095123291015625,1071.4542236328125,817.1716918945312,1126.95556640625,903.0845336914062
/home/ubuntu/yolo/datasets/v10_dataset/train2017/img-4917.jpg,0,0.8094429969787598,1086.8814697265625,458.6824951171875,1152.8323974609375,557.9910278320312
/home/ubuntu/yolo/datasets/v10_dataset/train2017/img-4918.jpg,0,0.8299636840820312,1139.212646484375,71.68927001953125,1205.8890380859375,187.1771240234375
/home/ubuntu/yolo/datasets/v10_dataset/train2017/img-4919.jpg,0,0.7937458753585815,838.8821411132812,380.23394775390625,938.6425170898438,523.7568359375
/home/ubuntu/yolo/datasets/v10_dataset/train2017/img-4920.jpg,0,0.799827516078949,880.7003784179688,29.231428146362305,965.7214965820312,132.7910919189453
/home/ubuntu/yolo/datasets/v10_dataset/train2017/img-4967.jpg,0,0.7601982355117798,1349.2916259765625,387.81500244140625,1404.71435546875,440.0413513183594
/home/ubuntu/yolo/datasets/v10_dataset/train2017/img-4969.jpg,0,0.807102620601654,1429.0767822265625,613.4208374023438,1487.2357177734375,694.2719116210938
/home/ubuntu/yolo/datasets/v10_dataset/train2017/img-4971.jpg,0,0.8135967254638672,1562.0882568359375,778.4444580078125,1630.5784912109375,878.6090087890625
/home/ubuntu/yolo/datasets/v10_dataset/train2017/img-4972.jpg,0,0.8164817094802856,1533.937744140625,753.78369140625,1602.9703369140625,857.1424560546875
/home/ubuntu/yolo/datasets/v10_dataset/train2017/img-4973.jpg,0,0.8229448795318604,1553.623291015625,934.5111083984375,1628.495361328125,1039.1466064453125
/home/ubuntu/yolo/datasets/v10_dataset/train2017/img-4986.jpg,0,0.8574198484420776,1705.4404296875,316.24847412109375,1781.73681640625,450.31048583984375
/home/ubuntu/yolo/datasets/v10_dataset/train2017/img-4987.jpg,0,0.847449541091919,1738.763427734375,680.5890502929688,1815.0513916015625,841.4166259765625
/home/ubuntu/yolo/datasets/v10_dataset/train2017/img-4988.jpg,0,0.8348573446273804,1676.95068359375,930.369140625,1758.3902587890625,1102.212890625
/home/ubuntu/yolo/datasets/v10_dataset/train2017/img-4990.jpg,0,0.8450183868408203,1849.64208984375,1346.6136474609375,1963.6185302734375,1557.5736083984375
/home/ubuntu/yolo/datasets/v10_dataset/train2017/img-4992.jpg,0,0.8103389739990234,1838.0870361328125,1431.5687255859375,1930.760009765625,1619.877197265625
/home/ubuntu/yolo/datasets/v10_dataset/train2017/img-5008.jpg,0,0.13834112882614136,2524.630859375,731.4512939453125,2590.52490234375,810.580322265625
/home/ubuntu/yolo/datasets/v10_dataset/train2017/img-5412.jpg,0,0.13745126128196716,1228.40625,0.8779283165931702,1276.724365234375,65.64596557617188
/home/ubuntu/yolo/datasets/v10_dataset/train2017/img-5433.jpg,0,0.41772153973579407,1196.905517578125,0.023778393864631653,1246.9034423828125,46.9483642578125
/home/ubuntu/yolo/datasets/v10_dataset/train2017/img-5449.jpg,0,0.5280179381370544,923.1421508789062,630.0407104492188,961.7576293945312,667.2369995117188
/home/ubuntu/yolo/datasets/v10_dataset/train2017/img-5451.jpg,0,0.2567334473133087,862.7391357421875,1079.44677734375,900.8275756835938,1117.9967041015625
/home/ubuntu/yolo/datasets/v10_dataset/train2017/img-5453.jpg,0,0.4154503047466278,688.5519409179688,0.020075619220733643,731.4448852539062,23.986337661743164
/home/ubuntu/yolo/datasets/v10_dataset/train2017/img-5454.jpg,0,0.496704638004303,920.14892578125,447.1096496582031,953.4066162109375,484.8149108886719
/home/ubuntu/yolo/datasets/v10_dataset/train2017/img-5454.jpg,0,0.14439444243907928,1161.7227783203125,40.563018798828125,1206.82177734375,97.62519836425781
/home/ubuntu/yolo/datasets/v10_dataset/train2017/img-5455.jpg,0,0.7109854817390442,917.508544921875,708.7239990234375,954.5906372070312,746.7062377929688
/home/ubuntu/yolo/datasets/v10_dataset/train2017/img-5456.jpg,0,0.6544177532196045,937.3441772460938,921.2040405273438,977.4639892578125,976.0728149414062
/home/ubuntu/yolo/datasets/v10_dataset/train2017/img-5457.jpg,0,0.5773090124130249,922.0260620117188,1121.1502685546875,967.8294677734375,1165.5880126953125
/home/ubuntu/yolo/datasets/v10_dataset/train2017/img-5460.jpg,0,0.20120082795619965,882.3857421875,573.7606201171875,922.0001220703125,609.7269287109375
/home/ubuntu/yolo/datasets/v10_dataset/train2017/img-5462.jpg,0,0.6125686168670654,887.8995971679688,1073.2684326171875,931.0272827148438,1126.5694580078125
/home/ubuntu/yolo/datasets/v10_dataset/train2017/img-5466.jpg,0,0.16217078268527985,968.7622680664062,776.882568359375,1005.6619262695312,813.5324096679688
/home/ubuntu/yolo/datasets/v10_dataset/train2017/img-5474.jpg,0,0.8062586188316345,1054.7806396484375,342.4316711425781,1109.623291015625,388.9380798339844
/home/ubuntu/yolo/datasets/v10_dataset/train2017/img-5475.jpg,0,0.8732249736785889,977.037353515625,605.6749877929688,1041.73876953125,681.5515747070312
/home/ubuntu/yolo/datasets/v10_dataset/train2017/img-5476.jpg,0,0.8778007626533508,902.7850341796875,883.631103515625,977.994873046875,977.4318237304688
/home/ubuntu/yolo/datasets/v10_dataset/train2017/img-5477.jpg,0,0.4625164568424225,889.694580078125,1140.874755859375,939.3469848632812,1165.8211669921875
/home/ubuntu/yolo/datasets/v10_dataset/train2017/img-5490.jpg,0,0.8477123379707336,1060.2880859375,609.56689453125,1124.8880615234375,668.8590087890625
/home/ubuntu/yolo/datasets/v10_dataset/train2017/img-5491.jpg,0,0.8828765153884888,986.109375,855.0616455078125,1052.78515625,939.0042114257812
/home/ubuntu/yolo/datasets/v10_dataset/train2017/img-5492.jpg,0,0.7799593806266785,940.4257202148438,1111.861328125,1003.7838745117188,1166.0
/home/ubuntu/yolo/datasets/v10_dataset/train2017/img-5515.jpg,0,0.6059709787368774,1059.624755859375,721.4985961914062,1094.736572265625,777.109619140625
/home/ubuntu/yolo/datasets/v10_dataset/train2017/img-5520.jpg,0,0.5090630650520325,854.7489013671875,654.4600830078125,917.42236328125,704.8350219726562
/home/ubuntu/yolo/datasets/v10_dataset/train2017/img-5535.jpg,0,0.36861497163772583,996.5623168945312,367.9908752441406,1026.072998046875,399.928955078125
/home/ubuntu/yolo/datasets/v10_dataset/train2017/img-5541.jpg,0,0.3665623068809509,916.409912109375,469.9601135253906,952.6529541015625,510.7288818359375
/home/ubuntu/yolo/datasets/v10_dataset/train2017/img-5554.jpg,0,0.35909774899482727,701.8189086914062,718.1663818359375,734.5924072265625,760.6399536132812
/home/ubuntu/yolo/datasets/v10_dataset/train2017/img-5554.jpg,0,0.12508760392665863,955.866455078125,915.2409057617188,990.6242065429688,960.7691040039062
/home/ubuntu/yolo/datasets/v10_dataset/train2017/img-5556.jpg,0,0.16350145637989044,1404.8521728515625,777.5963134765625,1555.0,1157.3638916015625
/home/ubuntu/yolo/datasets/v10_dataset/train2017/img-5571.jpg,0,0.10378529876470566,1518.52001953125,958.4507446289062,1555.0,1045.3287353515625
/home/ubuntu/yolo/datasets/v10_dataset/train2017/img-5632.jpg,0,0.5025169849395752,608.11083984375,776.6220703125,665.725341796875,848.9622192382812
/home/ubuntu/yolo/datasets/v10_dataset/train2017/img-5633.jpg,0,0.6686422824859619,590.5123901367188,564.24560546875,643.77685546875,620.3646240234375
/home/ubuntu/yolo/datasets/v10_dataset/train2017/img-5652.jpg,0,0.8434820771217346,592.7508544921875,569.0089721679688,629.3676147460938,609.2907104492188
/home/ubuntu/yolo/datasets/v10_dataset/train2017/img-5653.jpg,0,0.8440945148468018,482.0172424316406,606.9481201171875,520.2377319335938,647.7191162109375
/home/ubuntu/yolo/datasets/v10_dataset/train2017/img-5654.jpg,0,0.8056332468986511,489.2436218261719,656.19580078125,525.4012451171875,696.4303588867188
/home/ubuntu/yolo/datasets/v10_dataset/train2017/img-5679.jpg,0,0.18608272075653076,931.6854858398438,0.0,1001.8611450195312,24.785839080810547
/home/ubuntu/yolo/datasets/v10_dataset/train2017/img-5685.jpg,0,0.14874210953712463,1181.8919677734375,917.8997192382812,1211.9088134765625,939.1621704101562
/home/ubuntu/yolo/datasets/v10_dataset/train2017/img-5743.jpg,0,0.19093328714370728,1106.806884765625,933.897216796875,1154.20849609375,986.7550659179688
/home/ubuntu/yolo/datasets/v10_dataset/train2017/img-5755.jpg,0,0.1939184069633484,1135.9833984375,11.689525604248047,1168.6812744140625,46.88618850708008
/home/ubuntu/yolo/datasets/v10_dataset/train2017/img-5783.jpg,0,0.30367955565452576,1486.3455810546875,29.74211311340332,1555.0,98.67543029785156
/home/ubuntu/yolo/datasets/v10_dataset/train2017/img-5887.jpg,0,0.24595344066619873,609.4326171875,0.24864085018634796,650.6961059570312,16.589231491088867
/home/ubuntu/yolo/datasets/v10_dataset/train2017/img-5889.jpg,0,0.426582396030426,1005.8143310546875,707.4072875976562,1036.1466064453125,743.3602294921875
/home/ubuntu/yolo/datasets/v10_dataset/train2017/img-5940.jpg,0,0.1694948673248291,576.0767211914062,361.7684326171875,607.450439453125,405.15313720703125
/home/ubuntu/yolo/datasets/v10_dataset/train2017/img-5948.jpg,0,0.30199289321899414,59.60352325439453,0.1852128803730011,103.50273132324219,25.77061653137207
/home/ubuntu/yolo/datasets/v10_dataset/train2017/img-5948.jpg,0,0.13823997974395752,811.5391845703125,0.0,866.5093994140625,25.210153579711914
/home/ubuntu/yolo/datasets/v10_dataset/train2017/img-5967.jpg,0,0.12337470054626465,602.2763061523438,934.7484741210938,641.731689453125,971.808349609375
/home/ubuntu/yolo/datasets/v10_dataset/train2017/img-5983.jpg,0,0.10948363691568375,304.139892578125,0.07649079710245132,371.5614013671875,31.463159561157227
/home/ubuntu/yolo/datasets/v10_dataset/train2017/img-5984.jpg,0,0.4858115017414093,705.37890625,0.0871356949210167,742.1011962890625,21.467571258544922
/home/ubuntu/yolo/datasets/v10_dataset/train2017/img-5996.jpg,0,0.8072390556335449,412.4661560058594,569.6253662109375,450.22137451171875,607.2064819335938
/home/ubuntu/yolo/datasets/v10_dataset/train2017/img-5997.jpg,0,0.783220648765564,434.8736572265625,408.4054260253906,473.36041259765625,453.9957275390625
/home/ubuntu/yolo/datasets/v10_dataset/train2017/img-5998.jpg,0,0.8168051242828369,389.7652282714844,263.16021728515625,421.5616149902344,312.1900329589844
/home/ubuntu/yolo/datasets/v10_dataset/train2017/img-5999.jpg,0,0.8499269485473633,440.7167053222656,114.59453582763672,477.73406982421875,155.33645629882812
/home/ubuntu/yolo/datasets/v10_dataset/train2017/img-6000.jpg,0,0.8038759827613831,416.2028503417969,22.66864585876465,454.03265380859375,61.33100891113281
/home/ubuntu/yolo/datasets/v10_dataset/train2017/img-6000.jpg,0,0.10283268243074417,478.1098327636719,12.225305557250977,512.138916015625,41.6863899230957
/home/ubuntu/yolo/datasets/v10_dataset/train2017/img-6012.jpg,0,0.7922500371932983,439.58245849609375,774.2243041992188,480.79144287109375,814.0655517578125
/home/ubuntu/yolo/datasets/v10_dataset/train2017/img-6013.jpg,0,0.8163822293281555,461.2696533203125,486.6903991699219,499.9576721191406,532.2725219726562
/home/ubuntu/yolo/datasets/v10_dataset/train2017/img-6014.jpg,0,0.8099753856658936,442.0605773925781,262.6920471191406,474.29833984375,310.3606872558594
/home/ubuntu/yolo/datasets/v10_dataset/train2017/img-6015.jpg,0,0.8134500980377197,410.7745361328125,97.45647430419922,446.63934326171875,138.09567260742188
/home/ubuntu/yolo/datasets/v10_dataset/train2017/img-6016.jpg,0,0.7544059753417969,368.09490966796875,0.0,409.54388427734375,38.17902374267578
/home/ubuntu/yolo/datasets/v10_dataset/train2017/img-6021a.jpg,0,0.8238139152526855,3435.428955078125,2565.01123046875,3608.98876953125,2822.046875
/home/ubuntu/yolo/datasets/v10_dataset/train2017/img-6044.jpg,0,0.14667269587516785,889.0415649414062,1134.1661376953125,927.1204833984375,1166.0
/home/ubuntu/yolo/datasets/v10_dataset/train2017/img-6045a.jpg,0,0.8034501671791077,3443.36669921875,2624.523193359375,3572.05078125,2814.320556640625
/home/ubuntu/yolo/datasets/v10_dataset/train2017/img-6054.jpg,0,0.14475440979003906,648.3475341796875,0.0,692.4208984375,46.06252670288086
/home/ubuntu/yolo/datasets/v10_dataset/train2017/img-6058.jpg,0,0.7810235023498535,807.5443725585938,614.7886352539062,864.08740234375,685.093994140625
/home/ubuntu/yolo/datasets/v10_dataset/train2017/img-6059.jpg,0,0.7911883592605591,795.66455078125,366.9930419921875,858.8790893554688,449.2054138183594
/home/ubuntu/yolo/datasets/v10_dataset/train2017/img-6060.jpg,0,0.8029071092605591,773.4086303710938,143.8485107421875,837.1876220703125,233.6108856201172
/home/ubuntu/yolo/datasets/v10_dataset/train2017/img-6061.jpg,0,0.7988002300262451,749.8450927734375,0.4999718964099884,813.4714965820312,68.8075180053711
/home/ubuntu/yolo/datasets/v10_dataset/train2017/img-6077.jpg,0,0.7799639105796814,700.2100830078125,656.78173828125,753.6942138671875,726.0302124023438
/home/ubuntu/yolo/datasets/v10_dataset/train2017/img-6077.jpg,0,0.13853278756141663,774.0765991210938,675.5783081054688,824.3276977539062,734.7769775390625
/home/ubuntu/yolo/datasets/v10_dataset/train2017/img-6077_2.jpg,0,0.13983191549777985,1605.190185546875,1870.01220703125,1703.0850830078125,1943.7808837890625
/home/ubuntu/yolo/datasets/v10_dataset/train2017/img-6078.jpg,0,0.7980237007141113,713.9056396484375,407.86932373046875,774.4990844726562,488.23736572265625
/home/ubuntu/yolo/datasets/v10_dataset/train2017/img-6079.jpg,0,0.8099477887153625,731.955078125,183.8790283203125,792.200439453125,270.12347412109375
/home/ubuntu/yolo/datasets/v10_dataset/train2017/img-6080.jpg,0,0.7849404811859131,725.4881591796875,97.11774444580078,779.728271484375,176.95205688476562
/home/ubuntu/yolo/datasets/v10_dataset/train2017/img-6422.jpg,0,0.15255945920944214,1074.9366455078125,1023.3037109375,1146.4598388671875,1102.9044189453125
/home/ubuntu/yolo/datasets/v10_dataset/train2017/img-7615.jpg,0,0.1425720900297165,1945.6654052734375,131.55551147460938,1979.4161376953125,171.48126220703125
/home/ubuntu/yolo/datasets/v10_dataset/train2017/img-7619.jpg,0,0.2089400291442871,800.6021728515625,86.45623779296875,857.3130493164062,138.68394470214844
/home/ubuntu/yolo/datasets/v10_dataset/train2017/img-7889.jpg,0,0.8084892630577087,797.3458862304688,1043.8173828125,873.86328125,1132.58740234375
/home/ubuntu/yolo/datasets/v10_dataset/train2017/img-7889.jpg,0,0.7999110221862793,1235.802001953125,1469.9886474609375,1384.58447265625,1650.08740234375
/home/ubuntu/yolo/datasets/v10_dataset/train2017/img-7889.jpg,0,0.7854504585266113,1453.3187255859375,1059.86279296875,1526.7191162109375,1142.7415771484375
/home/ubuntu/yolo/datasets/v10_dataset/train2017/img-7890.jpg,0,0.8612319231033325,1285.5760498046875,1571.947265625,1432.4268798828125,1744.287109375
/home/ubuntu/yolo/datasets/v10_dataset/train2017/img-7890.jpg,0,0.815994918346405,851.5866088867188,1133.85400390625,927.297119140625,1229.138671875
/home/ubuntu/yolo/datasets/v10_dataset/train2017/img-7890.jpg,0,0.7769398093223572,1505.8646240234375,1157.9180908203125,1582.87939453125,1241.795654296875
/home/ubuntu/yolo/datasets/v10_dataset/train2017/img-7891.jpg,0,0.8434186577796936,1304.3369140625,1358.9461669921875,1435.5758056640625,1492.103759765625
/home/ubuntu/yolo/datasets/v10_dataset/train2017/img-7891.jpg,0,0.8073751330375671,957.3721923828125,844.9823608398438,1039.193603515625,981.8278198242188
/home/ubuntu/yolo/datasets/v10_dataset/train2017/img-7891.jpg,0,0.8070796132087708,1488.134765625,845.958251953125,1565.927734375,977.8541870117188
/home/ubuntu/yolo/datasets/v10_dataset/train2017/img-7892.jpg,0,0.8205256462097168,1417.98681640625,1350.2476806640625,1555.5784912109375,1486.1953125
/home/ubuntu/yolo/datasets/v10_dataset/train2017/img-7892.jpg,0,0.8057931661605835,1606.3585205078125,833.9367065429688,1685.9910888671875,974.6517333984375
/home/ubuntu/yolo/datasets/v10_dataset/train2017/img-7892.jpg,0,0.7781306505203247,1077.0125732421875,838.0342407226562,1159.6148681640625,979.944091796875
/home/ubuntu/yolo/datasets/v10_dataset/train2017/img-7893.jpg,0,0.8361214399337769,1350.9019775390625,1584.2032470703125,1491.4288330078125,1719.4852294921875
/home/ubuntu/yolo/datasets/v10_dataset/train2017/img-7893.jpg,0,0.8074470162391663,1539.996826171875,1074.0809326171875,1618.7476806640625,1209.64306640625
/home/ubuntu/yolo/datasets/v10_dataset/train2017/img-7893.jpg,0,0.7925812005996704,1012.417724609375,1070.5887451171875,1093.8804931640625,1210.1441650390625
/home/ubuntu/yolo/datasets/v10_dataset/train2017/img-7894.jpg,0,0.8219425082206726,1441.9840087890625,1163.892822265625,1539.0050048828125,1350.4271240234375
/home/ubuntu/yolo/datasets/v10_dataset/train2017/img-7894.jpg,0,0.7933012247085571,725.1226806640625,1181.873291015625,801.660400390625,1370.46435546875
/home/ubuntu/yolo/datasets/v10_dataset/train2017/img-7895.jpg,0,0.8345173597335815,1292.0662841796875,540.22216796875,1456.9677734375,702.9766235351562
/home/ubuntu/yolo/datasets/v10_dataset/train2017/img-7895.jpg,0,0.6326043605804443,1567.8077392578125,13.518322944641113,1637.580810546875,139.14077758789062
/home/ubuntu/yolo/datasets/v10_dataset/train2017/img-7895.jpg,0,0.5378334522247314,804.2075805664062,0.27768203616142273,883.7896728515625,41.49298858642578
/home/ubuntu/yolo/datasets/v10_dataset/train2017/img-7896.jpg,0,0.799167275428772,485.419189453125,835.0978393554688,565.5189208984375,1036.31591796875
/home/ubuntu/yolo/datasets/v10_dataset/train2017/img-7896.jpg,0,0.7972514629364014,1207.144775390625,815.5807495117188,1295.876708984375,1003.8291625976562
/home/ubuntu/yolo/datasets/v10_dataset/train2017/img-7896.jpg,0,0.7544844150543213,991.4288940429688,1493.946533203125,1112.2745361328125,1598.1826171875
/home/ubuntu/yolo/datasets/v10_dataset/train2017/img-7897.jpg,0,0.8283591270446777,1360.8270263671875,108.03932189941406,1452.4642333984375,299.5697937011719
/home/ubuntu/yolo/datasets/v10_dataset/train2017/img-7897.jpg,0,0.7787179946899414,641.9826049804688,131.0664825439453,719.1054077148438,338.9952087402344
/home/ubuntu/yolo/datasets/v10_dataset/train2017/img-7897.jpg,0,0.7561827898025513,1150.345947265625,787.5488891601562,1274.6787109375,890.2877807617188
/home/ubuntu/yolo/datasets/v10_dataset/train2017/img-7898.jpg,0,0.818528950214386,1538.2542724609375,347.6913757324219,1630.6448974609375,540.310302734375
/home/ubuntu/yolo/datasets/v10_dataset/train2017/img-7898.jpg,0,0.8176718950271606,825.303955078125,397.2457275390625,897.9221801757812,595.5930786132812
/home/ubuntu/yolo/datasets/v10_dataset/train2017/img-7899.jpg,0,0.8077284693717957,920.5823974609375,834.7295532226562,998.7070922851562,1034.670166015625
/home/ubuntu/yolo/datasets/v10_dataset/train2017/img-7899.jpg,0,0.8034448623657227,1640.856201171875,784.8579711914062,1728.417724609375,974.81396484375
/home/ubuntu/yolo/datasets/v10_dataset/train2017/img-7900.jpg,0,0.8471676111221313,302.61688232421875,1699.550048828125,400.134765625,1913.0634765625
/home/ubuntu/yolo/datasets/v10_dataset/train2017/img-7900.jpg,0,0.8046854734420776,1020.2862548828125,1655.493896484375,1129.27490234375,1854.452880859375
/home/ubuntu/yolo/datasets/v10_dataset/train2017/img-7900.jpg,0,0.11642669886350632,1032.1240234375,1835.014892578125,1167.484130859375,1943.3546142578125
/home/ubuntu/yolo/datasets/v10_dataset/train2017/img-7901.jpg,0,0.8378139734268188,1073.7303466796875,722.6309814453125,1175.982177734375,884.0963134765625
/home/ubuntu/yolo/datasets/v10_dataset/train2017/img-7901.jpg,0,0.763958215713501,465.8763427734375,914.7222290039062,545.1217041015625,1052.826904296875
/home/ubuntu/yolo/datasets/v10_dataset/train2017/img-7902.jpg,0,0.8144153356552124,1147.53515625,682.2291259765625,1251.35595703125,837.1253051757812
/home/ubuntu/yolo/datasets/v10_dataset/train2017/img-7902.jpg,0,0.7990943789482117,551.7718505859375,879.291259765625,613.9109497070312,984.177734375
/home/ubuntu/yolo/datasets/v10_dataset/train2017/img-7903.jpg,0,0.8174107670783997,1152.739990234375,655.5866088867188,1251.51611328125,813.4033813476562
/home/ubuntu/yolo/datasets/v10_dataset/train2017/img-7903.jpg,0,0.7924602031707764,548.871826171875,853.0064697265625,617.511962890625,967.2451782226562
/home/ubuntu/yolo/datasets/v10_dataset/train2017/img-7904.jpg,0,0.8507727980613708,1165.024169921875,650.2716064453125,1265.3892822265625,803.6695556640625
/home/ubuntu/yolo/datasets/v10_dataset/train2017/img-7904.jpg,0,0.816672682762146,562.9332275390625,845.4246826171875,630.2890625,951.3181762695312
/home/ubuntu/yolo/datasets/v10_dataset/train2017/img-7914.jpg,0,0.8500841856002808,1388.637939453125,1278.318359375,1537.8011474609375,1479.3486328125
/home/ubuntu/yolo/datasets/v10_dataset/train2017/img-7914.jpg,0,0.8105559349060059,1528.491455078125,711.305908203125,1622.1990966796875,815.26904296875
/home/ubuntu/yolo/datasets/v10_dataset/train2017/img-7914.jpg,0,0.8032559156417847,843.4832153320312,807.4696044921875,922.8226318359375,936.6881713867188
/home/ubuntu/yolo/datasets/v10_dataset/train2017/img-7915.jpg,0,0.8587526679039001,1315.411865234375,1220.904296875,1437.787109375,1358.289794921875
/home/ubuntu/yolo/datasets/v10_dataset/train2017/img-7915.jpg,0,0.8155405521392822,1422.5904541015625,797.7318725585938,1498.2696533203125,885.6478271484375
/home/ubuntu/yolo/datasets/v10_dataset/train2017/img-7915.jpg,0,0.8066434860229492,932.4507446289062,879.7147216796875,1002.5053100585938,973.8436279296875
/home/ubuntu/yolo/datasets/v10_dataset/train2017/img-7916.jpg,0,0.8576143980026245,1309.7540283203125,1222.71240234375,1428.0938720703125,1361.01220703125
/home/ubuntu/yolo/datasets/v10_dataset/train2017/img-7916.jpg,0,0.8220381736755371,1414.6529541015625,799.9083862304688,1488.68212890625,887.1292724609375
/home/ubuntu/yolo/datasets/v10_dataset/train2017/img-7916.jpg,0,0.8121877312660217,922.9890747070312,882.3270874023438,989.1805419921875,971.8629150390625
/home/ubuntu/yolo/datasets/v10_dataset/train2017/img-7917.jpg,0,0.8260068297386169,491.0088195800781,787.2111206054688,574.7012329101562,884.2625732421875
/home/ubuntu/yolo/datasets/v10_dataset/train2017/img-7917.jpg,0,0.7849727869033813,1100.71875,1159.5157470703125,1271.5079345703125,1386.408203125
/home/ubuntu/yolo/datasets/v10_dataset/train2017/img-7917.jpg,0,0.7584424614906311,1275.9371337890625,621.9506225585938,1355.13916015625,711.5188598632812
/home/ubuntu/yolo/datasets/v10_dataset/train2017/img-7919.jpg,0,0.8451375365257263,2198.479248046875,2647.128662109375,2298.45361328125,2822.839599609375
/home/ubuntu/yolo/datasets/v10_dataset/train2017/img-7920.jpg,0,0.8165169954299927,2198.680419921875,1678.155517578125,2299.330322265625,1916.3818359375
/home/ubuntu/yolo/datasets/v10_dataset/train2017/img-7920bc.jpg,0,0.7890229821205139,584.6275024414062,279.74603271484375,631.6892700195312,479.1612548828125
/home/ubuntu/yolo/datasets/v10_dataset/train2017/img-7921.jpg,0,0.8539659380912781,2175.499267578125,925.591796875,2288.1943359375,1195.4012451171875
/home/ubuntu/yolo/datasets/v10_dataset/train2017/img-7922.jpg,0,0.8622595071792603,2152.59716796875,464.01263427734375,2274.468994140625,704.9794921875
/home/ubuntu/yolo/datasets/v10_dataset/train2017/img-7922.jpg,0,0.423147588968277,1766.3543701171875,454.9742736816406,1875.4940185546875,633.2100219726562
/home/ubuntu/yolo/datasets/v10_dataset/train2017/img-7932.jpg,0,0.8164233565330505,2194.912841796875,2917.662841796875,2291.041015625,3056.728271484375
/home/ubuntu/yolo/datasets/v10_dataset/train2017/img-7933.jpg,0,0.837437629699707,2128.58203125,2109.205322265625,2246.175048828125,2326.215576171875
/home/ubuntu/yolo/datasets/v10_dataset/train2017/img-7934.jpg,0,0.8319067358970642,2091.8349609375,1306.85205078125,2194.2666015625,1554.7471923828125
/home/ubuntu/yolo/datasets/v10_dataset/train2017/img-8127.jpg,0,0.8172941207885742,2059.13916015625,2817.579345703125,2198.847900390625,3026.9921875
/home/ubuntu/yolo/datasets/v10_dataset/train2017/img-8128.jpg,0,0.8129701614379883,2043.6265869140625,2074.04296875,2190.0380859375,2342.238037109375
/home/ubuntu/yolo/datasets/v10_dataset/train2017/img-8129.jpg,0,0.8198919296264648,1943.1715087890625,1396.729248046875,2087.122314453125,1693.1282958984375
/home/ubuntu/yolo/datasets/v10_dataset/train2017/img-8130.jpg,0,0.8031170964241028,1762.2840576171875,803.232666015625,1914.4161376953125,1117.42626953125
/home/ubuntu/yolo/datasets/v10_dataset/train2017/img-8130bc.jpg,0,0.7903873920440674,523.0770874023438,178.59068298339844,597.4885864257812,442.2821044921875
/home/ubuntu/yolo/datasets/v10_dataset/train2017/img-8131.jpg,0,0.8269665241241455,1669.2109375,246.8092498779297,1815.176025390625,527.7606811523438
/home/ubuntu/yolo/datasets/v10_dataset/train2017/img-8132.jpg,0,0.2534234821796417,1595.403076171875,0.0,1750.298828125,71.46524047851562
/home/ubuntu/yolo/datasets/v10_dataset/train2017/img-8133.jpg,0,0.2100081443786621,1669.4801025390625,3792.394775390625,1805.190673828125,3887.622802734375
/home/ubuntu/yolo/datasets/v10_dataset/train2017/img-8165.jpg,0,0.7981723546981812,1171.954833984375,502.7576904296875,1243.265869140625,592.3526000976562
/home/ubuntu/yolo/datasets/v10_dataset/train2017/img-8166.jpg,0,0.839837372303009,1146.0675048828125,827.7840576171875,1226.7872314453125,943.680419921875
/home/ubuntu/yolo/datasets/v10_dataset/train2017/img-8167.jpg,0,0.8522388935089111,1120.4202880859375,1190.7294921875,1225.91064453125,1348.7840576171875
/home/ubuntu/yolo/datasets/v10_dataset/train2017/img-8168.jpg,0,0.8582384586334229,1135.19873046875,1550.56494140625,1242.4779052734375,1711.33251953125
/home/ubuntu/yolo/datasets/v10_dataset/train2017/img-8169.jpg,0,0.814609944820404,1154.0965576171875,1840.7059326171875,1242.2601318359375,1987.01220703125
/home/ubuntu/yolo/datasets/v10_dataset/train2017/img-8170.jpg,0,0.6709149479866028,1194.86669921875,2070.7919921875,1242.56103515625,2137.826171875
/home/ubuntu/yolo/datasets/v10_dataset/train2017/img-8174.jpg,0,0.8255982398986816,984.9888916015625,893.0007934570312,1095.3526611328125,1068.8304443359375
/home/ubuntu/yolo/datasets/v10_dataset/train2017/img-8175.jpg,0,0.8434997200965881,775.1846923828125,1352.4075927734375,889.9044799804688,1562.446533203125
/home/ubuntu/yolo/datasets/v10_dataset/train2017/img-8176.jpg,0,0.8922238945960999,990.8159790039062,938.3027954101562,1112.49462890625,1127.7386474609375
/home/ubuntu/yolo/datasets/v10_dataset/train2017/img-8261-2.jpg,0,0.8291041254997253,726.8631591796875,334.4368591308594,784.2689208984375,414.0568542480469
/home/ubuntu/yolo/datasets/v10_dataset/train2017/img-8261.jpg,0,0.8184939026832581,726.990966796875,343.39361572265625,781.4766235351562,412.1343688964844
/home/ubuntu/yolo/datasets/v10_dataset/train2017/img-8270.jpg,0,0.6701589822769165,695.7530517578125,1214.1937255859375,765.2031860351562,1291.80322265625
/home/ubuntu/yolo/datasets/v10_dataset/train2017/img-8274-2.jpg,0,0.781968355178833,686.1421508789062,485.9458312988281,741.8894653320312,552.861083984375
/home/ubuntu/yolo/datasets/v10_dataset/train2017/img-8274.jpg,0,0.7650610208511353,685.7144165039062,490.0948791503906,742.0332641601562,550.3759765625
/home/ubuntu/yolo/datasets/v10_dataset/train2017/img-8400.jpg,0,0.35745492577552795,2319.283203125,47.18555450439453,2439.8359375,138.2046661376953
/home/ubuntu/yolo/datasets/v10_dataset/train2017/img-8404.jpg,0,0.12257304787635803,894.7798461914062,1382.903076171875,1003.261474609375,1463.239013671875
/home/ubuntu/yolo/datasets/v10_dataset/train2017/img-8405.jpg,0,0.7689433693885803,2086.810546875,673.474365234375,2164.155517578125,753.7227783203125
/home/ubuntu/yolo/datasets/v10_dataset/train2017/img-8406.jpg,0,0.8133711814880371,1625.751708984375,1005.5357666015625,1752.1856689453125,1094.5361328125
/home/ubuntu/yolo/datasets/v10_dataset/train2017/img-8407.jpg,0,0.7884024977684021,1119.678466796875,1265.9844970703125,1295.622314453125,1382.2227783203125
/home/ubuntu/yolo/datasets/v10_dataset/train2017/img-8408.jpg,0,0.8339076638221741,664.1329345703125,1458.741455078125,879.1868286132812,1606.1748046875
/home/ubuntu/yolo/datasets/v10_dataset/train2017/img-8409.jpg,0,0.8356640338897705,328.2928161621094,1568.796630859375,524.5594482421875,1730.9395751953125
/home/ubuntu/yolo/datasets/v10_dataset/train2017/img-8417.jpg,0,0.13172972202301025,2115.201416015625,1755.826904296875,2270.34130859375,1858.066162109375
/home/ubuntu/yolo/datasets/v10_dataset/train2017/img-8423.jpg,0,0.7614747285842896,965.9078369140625,1700.490966796875,1145.7459716796875,1779.3448486328125
/home/ubuntu/yolo/datasets/v10_dataset/train2017/img-8424.jpg,0,0.7669748067855835,583.895263671875,1600.56005859375,741.5491333007812,1673.953857421875
/home/ubuntu/yolo/datasets/v10_dataset/train2017/img-8454.jpg,0,0.7225120663642883,1458.044921875,0.3553931415081024,1543.140625,92.51520538330078
/home/ubuntu/yolo/datasets/v10_dataset/train2017/img-8455.jpg,0,0.7983414530754089,1481.51953125,463.5439453125,1577.325927734375,673.248779296875
/home/ubuntu/yolo/datasets/v10_dataset/train2017/img-8456.jpg,0,0.805713415145874,1567.11083984375,990.746337890625,1643.2618408203125,1216.1373291015625
/home/ubuntu/yolo/datasets/v10_dataset/train2017/img-8457.jpg,0,0.7937589883804321,1631.7476806640625,1450.4132080078125,1690.4765625,1673.34521484375
/home/ubuntu/yolo/datasets/v10_dataset/train2017/img-8458.jpg,0,0.6376332640647888,1688.590576171875,1809.6182861328125,1752.195556640625,1902.0445556640625
/home/ubuntu/yolo/datasets/v10_dataset/train2017/img-8473.jpg,0,0.7914807200431824,1536.697509765625,827.0792846679688,1599.4007568359375,955.6226806640625
/home/ubuntu/yolo/datasets/v10_dataset/train2017/img-8474.jpg,0,0.8639779090881348,1216.934326171875,1277.119873046875,1338.0679931640625,1443.6749267578125
/home/ubuntu/yolo/datasets/v10_dataset/train2017/img-8475.jpg,0,0.8180550336837769,907.1740112304688,1653.375,998.2415771484375,1822.469970703125
/home/ubuntu/yolo/datasets/v10_dataset/train2017/img-8595-2.jpg,0,0.8287802338600159,1587.60595703125,1209.1759033203125,1661.385009765625,1346.44140625
/home/ubuntu/yolo/datasets/v10_dataset/train2017/img-8595.jpg,0,0.8328848481178284,1589.4515380859375,1207.5703125,1662.135498046875,1346.6217041015625
/home/ubuntu/yolo/datasets/v10_dataset/train2017/img-8596.jpg,0,0.8159995079040527,1591.07275390625,1555.545166015625,1653.04736328125,1683.8033447265625
/home/ubuntu/yolo/datasets/v10_dataset/train2017/img-8596.jpg,0,0.36799705028533936,1656.2530517578125,1072.5013427734375,1710.74072265625,1130.22119140625
/home/ubuntu/yolo/datasets/v10_dataset/train2017/img-8597.jpg,0,0.8180878162384033,1572.7841796875,1802.700439453125,1624.116455078125,1891.1192626953125
/home/ubuntu/yolo/datasets/v10_dataset/train2017/img-8607-2.jpg,0,0.7866236567497253,1686.7587890625,604.906005859375,1737.7864990234375,677.1118774414062
/home/ubuntu/yolo/datasets/v10_dataset/train2017/img-8607.jpg,0,0.7869579195976257,1682.7001953125,598.3773803710938,1736.8770751953125,680.2361450195312
/home/ubuntu/yolo/datasets/v10_dataset/train2017/img-8678.jpg,0,0.37131115794181824,731.5775146484375,0.10073862224817276,834.0308227539062,78.18988800048828
/home/ubuntu/yolo/datasets/v10_dataset/train2017/img-8682.jpg,0,0.13197271525859833,723.306396484375,0.269717812538147,824.2666625976562,106.14070892333984
/home/ubuntu/yolo/datasets/v10_dataset/train2017/img-8683.jpg,0,0.1274033635854721,724.8623046875,0.0,810.0121459960938,124.6506576538086
/home/ubuntu/yolo/datasets/v10_dataset/train2017/img-8713.jpg,0,0.812558114528656,1178.53125,935.251953125,1236.5833740234375,1016.7218627929688
/home/ubuntu/yolo/datasets/v10_dataset/train2017/img-8720.jpg,0,0.1233246847987175,1834.949462890625,717.04443359375,1910.1029052734375,763.1137084960938
/home/ubuntu/yolo/datasets/v10_dataset/train2017/img-8724.jpg,0,0.8203025460243225,1878.2392578125,728.1491088867188,1961.232177734375,779.4384765625
/home/ubuntu/yolo/datasets/v10_dataset/train2017/img-8725.jpg,0,0.8253378868103027,1552.222412109375,673.0120849609375,1663.601318359375,736.1571044921875
/home/ubuntu/yolo/datasets/v10_dataset/train2017/img-8726.jpg,0,0.8354148864746094,1257.2830810546875,594.9926147460938,1378.1903076171875,657.4963989257812
/home/ubuntu/yolo/datasets/v10_dataset/train2017/img-8727.jpg,0,0.8559194207191467,1048.7078857421875,482.3726501464844,1151.1231689453125,544.1505126953125
/home/ubuntu/yolo/datasets/v10_dataset/train2017/img-8728.jpg,0,0.8383556008338928,917.4885864257812,373.9738464355469,1023.0508422851562,444.8246154785156
/home/ubuntu/yolo/datasets/v10_dataset/train2017/img-8729.jpg,0,0.7527223825454712,910.96923828125,252.1294708251953,985.0737915039062,325.3612060546875
/home/ubuntu/yolo/datasets/v10_dataset/train2017/img-8749.jpg,0,0.11139044910669327,1479.922607421875,54.10612487792969,1546.9136962890625,134.5477752685547
/home/ubuntu/yolo/datasets/v10_dataset/train2017/img-8750.jpg,0,0.7774355411529541,1506.0426025390625,1126.8587646484375,1579.85009765625,1192.740966796875
/home/ubuntu/yolo/datasets/v10_dataset/train2017/img-8751.jpg,0,0.8341245651245117,1235.32568359375,748.4613647460938,1335.5946044921875,840.6834106445312
/home/ubuntu/yolo/datasets/v10_dataset/train2017/img-8752.jpg,0,0.8371284604072571,1000.495361328125,334.223388671875,1100.119384765625,452.3829040527344
/home/ubuntu/yolo/datasets/v10_dataset/train2017/img-8753.jpg,0,0.831102192401886,857.3615112304688,4.5970139503479,940.5352783203125,113.93333435058594
/home/ubuntu/yolo/datasets/v10_dataset/train2017/img-8764.jpg,0,0.8412842154502869,1251.5963134765625,641.5293579101562,1385.8712158203125,778.252685546875
/home/ubuntu/yolo/datasets/v10_dataset/train2017/img-8765.jpg,0,0.789864718914032,834.5729370117188,29.936420440673828,971.2510375976562,195.43463134765625
/home/ubuntu/yolo/datasets/v10_dataset/train2017/img-8773.jpg,0,0.6308593153953552,1379.1031494140625,1086.135986328125,1437.42724609375,1136.44580078125
/home/ubuntu/yolo/datasets/v10_dataset/train2017/img-8774.jpg,0,0.8395529985427856,1245.5816650390625,852.8121337890625,1308.378173828125,914.3180541992188
/home/ubuntu/yolo/datasets/v10_dataset/train2017/img-8775.jpg,0,0.8028545379638672,1135.403564453125,636.2759399414062,1196.40966796875,713.7175903320312
/home/ubuntu/yolo/datasets/v10_dataset/train2017/img-8776.jpg,0,0.7930073738098145,1076.351806640625,457.7724304199219,1130.87060546875,532.6716918945312
/home/ubuntu/yolo/datasets/v10_dataset/train2017/img-9272.jpg,0,0.7942787408828735,1524.9703369140625,813.8055419921875,1591.423583984375,894.1369018554688
/home/ubuntu/yolo/datasets/v10_dataset/train2017/img-9273.jpg,0,0.7926350831985474,1487.4527587890625,1071.6954345703125,1553.945556640625,1165.10009765625
/home/ubuntu/yolo/datasets/v10_dataset/train2017/img-9274.jpg,0,0.7870754599571228,1442.5433349609375,1292.4019775390625,1517.3292236328125,1408.1201171875
/home/ubuntu/yolo/datasets/v10_dataset/train2017/img-9275.jpg,0,0.8233320116996765,1418.068603515625,1511.430908203125,1498.0247802734375,1634.3031005859375
/home/ubuntu/yolo/datasets/v10_dataset/train2017/img-9276.jpg,0,0.8118484020233154,1429.9197998046875,1771.158935546875,1501.068603515625,1880.3096923828125
/home/ubuntu/yolo/datasets/v10_dataset/train2017/img-9320.jpg,0,0.7837632894515991,1746.8218994140625,735.9581298828125,1816.18212890625,858.3722534179688
/home/ubuntu/yolo/datasets/v10_dataset/train2017/img-9321.jpg,0,0.6913309097290039,1560.4000244140625,1172.2869873046875,1634.943359375,1262.6427001953125
/home/ubuntu/yolo/datasets/v10_dataset/train2017/img-9332.jpg,0,0.7900858521461487,2120.943603515625,106.51913452148438,2194.7646484375,238.9818115234375
/home/ubuntu/yolo/datasets/v10_dataset/train2017/img-9333.jpg,0,0.7807790637016296,1965.47509765625,465.9282531738281,2038.1668701171875,590.30078125
/home/ubuntu/yolo/datasets/v10_dataset/train2017/img-9603.jpg,0,0.836944043636322,1531.900146484375,1297.3935546875,1673.45703125,1377.5860595703125
/home/ubuntu/yolo/datasets/v10_dataset/train2017/img-9604.jpg,0,0.8447017669677734,1020.9534301757812,1120.377197265625,1183.4935302734375,1207.0146484375
/home/ubuntu/yolo/datasets/v10_dataset/train2017/img-9605.jpg,0,0.8194777965545654,667.7706909179688,998.7503662109375,806.51123046875,1077.5152587890625
/home/ubuntu/yolo/datasets/v10_dataset/train2017/img-9615.jpg,0,0.8087114095687866,2052.273681640625,1411.5474853515625,2141.33544921875,1474.62841796875
/home/ubuntu/yolo/datasets/v10_dataset/train2017/img-9616.jpg,0,0.8449583649635315,1546.9293212890625,1310.80615234375,1683.1328125,1385.143798828125
/home/ubuntu/yolo/datasets/v10_dataset/train2017/img-9617.jpg,0,0.8410857319831848,1041.3060302734375,1187.48486328125,1207.92138671875,1275.1973876953125
/home/ubuntu/yolo/datasets/v10_dataset/train2017/pxl-20220607-133805714.jpg,0,0.8671793937683105,932.0094604492188,1571.337158203125,1285.386962890625,1904.2481689453125
