image,xmin,ymin,xmax,ymax,label,confidence
IMG_0026BC.JPG,561.4334717,137.1784821,721.2661133,438.9293213,0,0.740877628
IMG_0068.JPG,862.7252197,127.0823059,902.8787842,175.865509,0,0.821535468
IMG_0074.JPG,586.4146729,652.9643555,629.5974121,705.9975586,0,0.841855347
IMG_0074.JPG,486.5353394,437.8627319,508.9754639,455.4144897,0,0.74126327
IMG_0181.JPG,525.9559326,305.2703247,557.2137451,344.3989868,0,0.824564397
IMG_0182.JPG,508.4954529,137.7444611,543.651001,190.7314606,0,0.830977559
IMG_0183.JPG,498.6910095,16.86346436,530.9986572,73.82493591,0,0.811087549
IMG_0669.JPG,793.4212646,298.4210815,814.8685303,329.1400757,0,0.790068686
IMG_0670.JPG,783.2320557,289.1694336,804.3521729,319.539978,0,0.845455587
IMG_0671.JPG,790.3240967,300.0361023,811.0783691,329.7750549,0,0.754221916
IMG_0672.JPG,795.9951782,306.4419556,817.2965698,336.3972778,0,0.845139623
IMG_0757.JPG,793.8862305,0.260004044,834.7480469,35.66562653,0,0.803252459
IMG_0758.JPG,785.041687,94.52266693,830.1417847,126.4134827,0,0.847442865
IMG_0759.JPG,774.4967041,229.2263184,830.97229,259.7908936,0,0.838301718
IMG_1185.JPG,721.8232422,659.2022705,750.8330078,688.0443115,0,0.757093906
IMG_1200.JPG,754.4521484,624.128418,786.3015137,662.5878906,0,0.833785534
IMG_1237.JPG,590.392395,525.5780029,629.0053101,568.831665,0,0.818961263
IMG_1258.JPG,890.3148193,294.1641846,914.145752,332.8133545,0,0.340881497
IMG_1461.jpg,1127.184082,1181.47168,1196.70105,1278.768555,0,0.834033251
IMG_1462.jpg,1049.371704,960.3057251,1116.297119,1073.585693,0,0.809175372
IMG_1463.jpg,926.7180786,678.104187,990.3323364,805.8433228,0,0.799151897
IMG_1464.jpg,832.2636108,450.2045288,906.8901367,590.2208252,0,0.776557744
IMG_1465.jpg,754.4281006,243.7592773,836.677063,383.757782,0,0.797445297
IMG_1466.jpg,646.6237183,73.71182251,726.5089111,204.0893707,0,0.791767597
IMG_1467.jpg,572.7878418,0.599433839,663.1046753,97.09296417,0,0.703521192
IMG_1480.jpg,1380.144653,1486.644775,1450.734375,1562.94458,0,0.767240047
IMG_1481.jpg,1385.603394,1275.34668,1457.064453,1376.701904,0,0.833550155
IMG_1482.jpg,1389.369385,1044.996704,1460.617065,1174.82605,0,0.814702988
IMG_1483.jpg,1402.171387,802.6286011,1466.740601,953.7240601,0,0.801895797
IMG_1484.jpg,1397.194458,557.4019165,1467.008301,717.8184204,0,0.798332632
IMG_1485.jpg,1386.708496,332.6208496,1463.448975,493.4147949,0,0.807804823
IMG_1486.jpg,1368.256592,135.7279663,1442.722778,296.5854797,0,0.794922113
IMG_1487.jpg,1352.669434,0.090008929,1412.205688,80.95288086,0,0.712043166
IMG_1509.JPG,304.4919434,252.4562378,336.4039307,280.1123047,0,0.788151145
IMG_2532.jpg,1154.970581,1201.119873,1198.18335,1283.817505,0,0.189010829
IMG_2561.jpg,1026.285645,1500.218018,1108.968628,1614.641968,0,0.826111972
IMG_2562.jpg,1057.567627,1030.049927,1163.306641,1182.57959,0,0.835063756
IMG_2563.jpg,1079.845703,592.6925659,1172.69397,765.1035767,0,0.813259542
IMG_2564.jpg,1039.702637,243.756897,1128.555908,411.3215942,0,0.809832335
IMG_2565.jpg,976.6020508,21.27927971,1058.123657,167.4701691,0,0.819288671
IMG_2592.jpg,911.5056152,723.4556885,1030.770508,848.345459,0,0.844332159
IMG_2592.jpg,975.1881104,431.362915,1135.238281,717.8856812,0,0.768574953
IMG_2605.jpg,1099.779175,708.395813,1185.995972,818.8656006,0,0.825865388
IMG_2605.jpg,1139.921753,455.6182556,1311.126221,713.2310181,0,0.810998678
IMG_2606.jpg,898.4520874,1303.559204,1022.356689,1467.701904,0,0.809265494
IMG_2606.jpg,990.3079834,1008.436829,1128.830933,1298.977173,0,0.800924897
IMG_2682.JPG,799.1617432,528.4735107,834.1600342,564.6612549,0,0.780990183
IMG_2682.JPG,758.1193848,532.2305908,781.2327881,557.2614746,0,0.673275411
IMG_2706.JPG,847.9185791,417.6157227,886.3338623,463.3193359,0,0.820179582
IMG_2706.JPG,808.9306641,418.8597717,834.3427734,447.4035339,0,0.461183161
IMG_2707.jpg,599.6557617,926.234375,692.2648926,1051.373657,0,0.797263622
IMG_2707_1.JPG,840.7753906,468.4190369,879.7669678,510.6339111,0,0.799332082
IMG_2707_1.JPG,803.7370605,467.074707,829.6008301,497.7558594,0,0.702631295
IMG_2708.jpg,546.9133911,1232.276489,647.0500488,1366.296265,0,0.751124799
IMG_2708_1.JPG,824.3409424,519.9608154,858.9299316,556.4368896,0,0.764861822
IMG_2708_1.JPG,783.9471436,522.8981934,808.5180664,549.9611816,0,0.728103042
IMG_2709.JPG,816.8083496,555.0828857,849.5762939,581.1881104,0,0.777996063
IMG_2709.JPG,773.9422607,551.418457,796.819458,577.9794922,0,0.47745502
IMG_2710.jpg,438.477478,1829.939087,544.1294556,1942.891479,0,0.717679977
IMG_3182.JPG,648.6339111,216.8186798,677.7423096,256.6941528,0,0.828971922
IMG_3182.JPG,991.9827271,237.0629883,1019.738953,272.5639648,0,0.802447021
IMG_3338.JPG,867.8519287,201.0585938,897.5800781,245.2557983,0,0.773739576
IMG_3556.JPG,520.7185059,587.0756836,559.3503418,631.0767822,0,0.824300528
IMG_3557.JPG,507.6876831,525.2800903,547.9317017,565.0331421,0,0.831109226
IMG_3558.JPG,499.5706482,441.5241699,538.4014893,481.5192871,0,0.8297472
IMG_3559.JPG,490.5020142,352.592041,523.7367554,386.7471924,0,0.811901271
IMG_3764.JPG,774.4245605,214.710083,798.5236816,245.8287964,0,0.79049778
IMG_3769.JPG,875.9749756,231.1814728,904.1424561,270.7125854,0,0.83166641
IMG_3872.JPG,430.4585876,560.2720947,459.2131042,591.5743408,0,0.698127091
IMG_3950.JPG,826.2683105,434.6769409,857.0678711,484.8348999,0,0.841959059
IMG_3950.JPG,431.8466187,456.0731201,462.1091919,499.2024536,0,0.801721215
IMG_3951.JPG,437.6107483,581.1947021,468.1650085,621.5098877,0,0.83475405
IMG_3951.JPG,830.9346924,584.1135254,864.97229,640.5079346,0,0.795663953
IMG_3965.JPG,873.3125,320.159729,900.6040039,353.5067749,0,0.854324937
IMG_3965.JPG,472.3979492,358.6873779,506.2796631,388.8991699,0,0.793366849
IMG_3966.JPG,476.9266357,480.4552612,505.5985107,524.9329224,0,0.835085213
IMG_3966.JPG,869.3758545,457.7406616,900.3962402,508.6205444,0,0.824247897
IMG_4005.JPG,550.2794189,318.788208,575.4521484,353.9537354,0,0.834941089
IMG_4125.JPG,638.5874023,197.2012024,668.236084,243.416748,0,0.823485315
IMG_4126.JPG,625.0170898,105.9763184,653.2062988,151.5869141,0,0.779645741
IMG_4127.JPG,616.6397705,50.45051575,644.6207275,95.29309082,0,0.838605165
IMG_4142.JPG,691.3204346,416.140564,713.7233887,447.1737671,0,0.82106626
IMG_4143.JPG,674.0761719,303.4949036,701.0612793,342.8537903,0,0.787761271
IMG_4143bc.JPG,531.6293945,291.1920166,608.9394531,503.2783203,0,0.795936704
IMG_4144.JPG,660.5212402,196.942749,690.5507813,244.5231934,0,0.828639865
IMG_4145.JPG,659.526123,118.4803162,688.4001465,165.4874878,0,0.804562688
IMG_4205.JPG,658.8364258,293.486969,696.1899414,352.542511,0,0.806957781
IMG_4206.JPG,614.1235352,172.5365295,651.9257813,235.2518616,0,0.833946168
IMG_4207.JPG,579.2095337,92.88565826,615.5405884,144.6164856,0,0.847065628
IMG_4211.JPG,508.8742371,447.7086182,526.9006348,474.1511841,0,0.632702231
IMG_4211.JPG,490.5603638,450.4144287,507.5636597,478.2452393,0,0.382996351
IMG_4215.JPG,834.7817383,340.9898071,862.5029297,398.3599243,0,0.769461453
IMG_4216.JPG,797.5170898,228.8356476,833.9216309,296.6409302,0,0.828639209
IMG_4217.JPG,764.739624,140.955658,798.6126709,200.6394348,0,0.818844795
IMG_4217bc1.JPG,514.3217773,206.2000427,584.7807617,458.2781677,0,0.782755911
IMG_4218.JPG,739.5773926,95.05215454,776.8820801,147.8854065,0,0.830610573
IMG_4220.JPG,716.7775879,471.067627,750.4719238,518.708374,0,0.804551721
IMG_4221.JPG,669.824585,320.3284912,707.5936279,375.7950439,0,0.813167691
IMG_4221bc3.JPG,637.8280029,314.1237793,714.5546875,546.4350586,0,0.808241069
IMG_4222.JPG,631.9672852,182.1409302,670.0386963,246.201416,0,0.816499233
IMG_4223.JPG,599.1112671,96.24263763,635.4226685,153.0246887,0,0.830121934
IMG_4239.JPG,555.1334229,638.7685547,601.744873,688.2189941,0,0.822784662
IMG_4597.JPG,830.1453857,369.039917,858.9576416,401.895874,0,0.537745535
IMG_4603.JPG,814.5583496,373.5792236,847.2834473,411.104248,0,0.536186516
IMG_4610.JPG,853.270752,264.9916077,886.3459473,304.709198,0,0.819515646
IMG_4965.JPG,400.3841553,643.8742676,423.9265137,686.5979004,0,0.802784681
IMG_4966.JPG,403.4688721,559.3096313,435.7390747,603.6704712,0,0.833107591
IMG_4967.JPG,406.1153259,445.9770508,437.8469543,493.4905396,0,0.830285132
IMG_4973.JPG,502.6026611,257.0492249,534.1387939,295.5837097,0,0.808289766
IMG_4974.JPG,489.0626831,154.0348511,523.2439575,199.2529297,0,0.802140117
IMG_5232.jpg,1269.469238,534.7201538,1376.018799,660.0440063,0,0.816362023
IMG_5554.jpg,1426.956421,1379.607178,1459.799927,1416.037964,0,0.273627758
IMG_5571.jpg,783.881958,1223.596924,826.2733154,1269.446411,0,0.48299256
IMG_5586.jpg,1739.856445,1593.940308,1785.834839,1641.826904,0,0.28398031
IMG_5646poi.JPG,546.5146484,309.5706177,631.890625,438.293396,0,0.832519233
IMG_5647.JPG,845.5493774,579.2092285,866.0477905,606.8087158,0,0.820451975
IMG_5660.JPG,818.1166992,551.8839111,842.3803711,582.0311279,0,0.763802171
IMG_5683.JPG,1017.267334,594.7617188,1039.475098,622.8571777,0,0.856858075
IMG_5725.jpg,2483.474365,1758.100098,2586.662354,1938.695313,0,0.280165702
IMG_5894.JPG,531.2102051,378.4072266,560.9665527,407.6003418,0,0.762199104
IMG_5894.JPG,845.8670654,354.7157593,869.0262451,382.4342651,0,0.271385163
IMG_5899.jpg,28.55342484,1875.850098,116.370903,1943.414795,0,0.13077572
IMG_6183POI2.JPG,472.6206055,388.6195068,576.9810791,525.2492676,0,0.808781326
IMG_6285.JPG,629.8985596,495.3858643,659.3717041,540.7755127,0,0.829221785
IMG_6304.JPG,502.8848877,355.9393005,535.713501,406.9243469,0,0.838963151
IMG_6305.JPG,486.9802856,349.4200439,519.4768677,402.2352905,0,0.852142036
IMG_6306.JPG,454.1422729,343.7918701,486.8444214,396.5794067,0,0.829346538
IMG_6307.JPG,441.7814941,349.0911865,473.5466309,402.4675903,0,0.853412569
IMG_6311.JPG,728.6766357,264.2512207,764.8045654,349.1291504,0,0.795226395
IMG_6550poi.JPG,544.3455811,371.46521,584.230835,502.1767578,0,0.754924536
IMG_7186.JPG,561.0639648,398.6495972,591.1918945,435.178772,0,0.778507888
IMG_7595.JPG,711.3356934,438.9299316,734.8857422,490.0029297,0,0.70683825
IMG_7595.JPG,690.8375244,436.7327271,710.2987061,487.1860962,0,0.5887959
IMG_7596.JPG,781.2020264,464.6076355,806.9093018,521.3000488,0,0.705372453
IMG_7596.JPG,756.4128418,463.8347778,786.1602783,519.9463501,0,0.668926299
IMG_7596.JPG,704.8743286,481.3898315,728.5289917,518.1517944,0,0.172446728
IMG_7596POI.JPG,501.7588501,177.5731812,572.3403931,510.1990967,0,0.745202124
IMG_7596POI.JPG,577.9102783,180.5149536,688.9061279,527.6160889,0,0.733259737
IMG_7596POI.JPG,246.5060272,163.2805786,328.3287964,487.6399536,0,0.192726895
IMG_7597.JPG,641.6686401,615.8059082,668.1422729,670.0288086,0,0.720916569
IMG_7597.JPG,618.6947632,612.8890381,645.5493774,669.6566162,0,0.681802809
IMG_7598.JPG,610.401123,558.1047363,637.4812012,603.3905029,0,0.708736718
IMG_7598.JPG,589.7301636,555.81073,609.7034302,604.298645,0,0.397422731
IMG_7599.JPG,582.4210815,460.8474121,604.3754272,497.8313599,0,0.649511635
IMG_7599.JPG,563.6118164,457.8259888,582.1645508,498.1508179,0,0.598868608
IMG_7600.JPG,643.291748,544.3556519,666.3603516,579.1526489,0,0.655746877
IMG_7600.JPG,625.9207764,540.97229,643.539917,581.1834717,0,0.148936257
IMG_7601.JPG,625.9074707,617.6206665,646.8618164,651.0459595,0,0.613957405
IMG_7601.JPG,606.348938,616.7102051,625.197937,652.9658203,0,0.546786249
IMG_7633.JPG,627.4845581,273.8696289,660.4093628,313.5046387,0,0.798152983
IMG_7633.JPG,935.8481445,282.7208252,962.2697754,329.6623535,0,0.797550201
IMG_8549.JPG,783.848999,248.7804565,807.7023926,287.8261108,0,0.813680947
IMG_8736.JPG,635.3738403,94.62226868,677.4120483,142.3463898,0,0.816094279
IMG_8784.JPG,905.3430176,195.0227051,929.1936035,229.3981934,0,0.818287432
IMG_8805.JPG,597.4603882,511.0023193,620.1273804,544.1573486,0,0.803212702
IMG_8928.JPG,788.3272705,389.6594238,817.2850342,430.215332,0,0.859350264
IMG_8928BC1.JPG,502.3755493,216.749939,601.0756226,496.7728271,0,0.756294787
IMG_8929.JPG,776.005127,447.9152222,806.7163086,487.7695923,0,0.82913065
IMG_8948.JPG,859.2281494,210.882019,880.53479,238.0782471,0,0.859190166
IMG_8949.JPG,840.4903564,277.5516357,865.3337402,310.7653809,0,0.836047113
IMG_8950.JPG,815.9490967,348.2388916,844.0960693,387.2390747,0,0.848488331
IMG_8951.JPG,811.1195679,409.8057861,841.2734985,450.0908203,0,0.878624141
IMG_8952.JPG,815.0248413,467.2131958,845.0765991,508.6519165,0,0.868166268
IMG_8953.JPG,803.1313477,513.5562744,833.6166992,554.0692139,0,0.85858202
IMG_8954.JPG,806.067688,562.9613647,833.0098267,600.4046021,0,0.836030066
IMG_8970.JPG,453.7817688,452.8030396,478.7463684,481.8449097,0,0.78395474
img-0475.jpg,1767.252075,922.4265747,1828.112305,1059.355957,0,0.831340492
img-0476.jpg,1790.270386,1294.297607,1861.635376,1457.344727,0,0.776301324
img-0477.jpg,1823.83313,1604.169434,1888.383179,1762.432373,0,0.782222033
img-0478.jpg,1862.182251,1832.995483,1914.466187,1936.960449,0,0.793930233
img-0489.jpg,1772.234985,1614.267456,1813.328491,1681.680054,0,0.132107869
img-0491.jpg,1808.818115,310.8093872,1872.351807,397.9196167,0,0.831309855
img-0492.jpg,1781.96228,701.4910889,1864.451294,801.0799561,0,0.81742233
img-0493.jpg,1752.067017,1096.364014,1824.792603,1248.354248,0,0.79648298
img-0503.jpg,1667.712402,273.0929565,1709.478027,323.7521973,0,0.63991493
img-0504.jpg,1631.276123,533.5352783,1681.876709,600.5323486,0,0.829547286
img-0505.jpg,1621.632935,821.6039429,1684.665527,927.9187622,0,0.81194979
img-0506.jpg,1606.911621,1155.794067,1667.909058,1278.069214,0,0.832470119
img-0507.jpg,1614.87854,1427.783569,1674.309937,1554.758301,0,0.814053655
img-0508.jpg,1648.858765,1634.683838,1691.069824,1741.795532,0,0.835720003
img-0509.jpg,1646.16748,1525.890625,1702.255981,1613.454834,0,0.156759992
img-0532.jpg,1195.497314,980.65625,1278.362671,1049.117432,0,0.829109371
img-0533.jpg,1001.438049,844.1659546,1119.962646,922.9491577,0,0.841732979
img-0534.jpg,829.8057251,694.4521484,962.0641479,783.9936523,0,0.853754878
img-0535.jpg,656.3349609,552.8787842,802.5715332,650.8997192,0,0.834563136
img-0536.jpg,518.0446167,377.9691467,652.3567505,475.9051819,0,0.836762547
img-0537.jpg,360.1445618,211.9070282,488.4953613,308.9793701,0,0.846889138
img-0538.jpg,276.3829041,71.51502991,401.3208618,181.3034973,0,0.845227301
img-0539.jpg,245.3708038,46.76994324,307.8002319,109.2044067,0,0.736277103
img-0544.jpg,957.668457,1428.371338,1009.618652,1548.710083,0,0.816122651
img-0545.jpg,957.8481445,1267.911133,1019.431458,1400.270264,0,0.811930358
img-0546.jpg,955.8710938,1016.171326,1019.734985,1143.24585,0,0.83367759
img-0547.jpg,966.7648926,794.4178467,1027.224731,909.005249,0,0.841288507
img-0548.jpg,969.4862061,539.3937988,1031.383667,638.0365601,0,0.863030851
img-0549.jpg,989.2571411,275.2895813,1045.157715,361.8075256,0,0.870183289
img-0550.jpg,993.4951782,14.83485031,1049.358643,78.6265564,0,0.818150401
img-0559.jpg,1112.804932,1216.909912,1159.893066,1267.352417,0,0.346002877
img-0564.jpg,1047.752686,0.918659627,1115.884766,39.61416626,0,0.215806246
img-0566.jpg,944.1651001,46.55454636,985.5588989,97.03556061,0,0.185599849
img-0567.jpg,925.3534546,1483.87915,969.4614868,1590.848145,0,0.709985018
img-0568.jpg,930.4123535,1400.490967,989.1898804,1507.413818,0,0.808751225
img-0569.jpg,957.7949829,1149.148193,1013.465942,1273.485718,0,0.825902045
img-0713.jpg,2455.739014,1180.686768,2522.420654,1238.709717,0,0.834814191
img-0714.jpg,2311.24585,1193.748169,2420.482178,1288.337891,0,0.837535143
img-0715.jpg,2118.129395,1221.644165,2248.562988,1307.657837,0,0.780217707
img-0716.jpg,1893.85022,1225.633179,2019.205444,1304.845459,0,0.820837736
img-0717.jpg,1636.012939,1209.255249,1722.702393,1277.53479,0,0.832147717
img-0718.jpg,1448.437256,1214.445801,1530.017456,1253.102295,0,0.626742244
img-0719.jpg,1215.35144,1130.445679,1277.017334,1170.471558,0,0.517993689
img-0724.jpg,1393.160767,1632.81604,1443.246338,1705.769897,0,0.263818264
img-0725.jpg,1486.079102,1201.380615,1595.932983,1261.557861,0,0.818655431
img-0731.jpg,568.3226318,1071.163208,756.2973633,1157.459106,0,0.781500041
img-0732.jpg,389.5531616,1097.326294,549.0010376,1159.237671,0,0.678233743
img-0732.jpg,1260.669067,1908.315674,1322.49585,1944,0,0.123917326
img-0733.jpg,272.7501221,1095.02124,420.6416016,1171.55249,0,0.785007894
img-0736.jpg,464.5240173,1906.932617,532.8131104,1944,0,0.181183338
img-0736.jpg,1982.39917,1914.910767,2026.493408,1944,0,0.14543958
img-0752.jpg,2187.05127,1451.768066,2245.164795,1512.467896,0,0.8234936
img-0753.jpg,2019.580688,1210.114136,2080.060791,1282.683228,0,0.838710308
img-0754.jpg,1842.564453,946.1209717,1922.536621,1041.763916,0,0.794880152
img-0755.jpg,1638.369873,686.8617554,1724.826416,790.2045288,0,0.813234627
img-0756.jpg,1541.15332,470.567749,1635.994629,575.1790771,0,0.815572679
img-0757.jpg,1360.513062,314.3169861,1466.374146,429.0505981,0,0.837392449
img-0758.jpg,1241.053589,184.9688721,1296.5802,250.9797821,0,0.844599605
img-0784.jpg,1537.872192,788.3626099,1611.329834,885.4433594,0,0.842647672
img-0785.jpg,1679.243896,1000.552246,1764.247437,1121.766968,0,0.795053363
img-0786.jpg,1769.003418,1231.69751,1876.123291,1373.295044,0,0.81146574
img-0787.jpg,1916.338013,1484.428589,2045.598389,1635.371704,0,0.811942339
img-0788.jpg,2044.813843,1725.302002,2175.116211,1874.356567,0,0.786907136
img-0805.jpg,2555.916016,1840.807129,2591.400879,1944,0,0.263734013
img-0808.jpg,1690.855713,693.9341431,1758.538452,784.3161621,0,0.828012407
img-0809.jpg,1755.742554,891.616394,1837.794678,1005.878479,0,0.848139465
img-0891.jpg,1621.74939,1179.771851,1683.490112,1233.710693,0,0.807802498
img-0892.jpg,1454.7771,1065.442505,1541.977173,1125.77002,0,0.817839861
img-0893.jpg,1248.300049,952.2911377,1352.299072,1021.712158,0,0.816479206
img-0894.jpg,1054.479492,848.4234009,1167.119141,924.3463135,0,0.806508422
img-0895.jpg,872.1453247,728.3673096,988.1380005,813.5278931,0,0.780080914
img-0896.jpg,709.368042,619.4459839,827.6175537,703.0877075,0,0.805164337
img-0897.jpg,593.8132324,506.607666,708.1370239,589.4577026,0,0.833149791
img-0898.jpg,513.6057739,393.7063599,629.3725586,481.9263,0,0.846400023
img-1426.jpg,966.5448608,1236.380371,1027.830566,1310.193481,0,0.809187353
img-1427.jpg,970.0684814,681.1114502,1029.623779,814.3046265,0,0.815772295
img-1428.jpg,1000.730591,398.263031,1067.369507,560.3813477,0,0.793608427
img-1429.jpg,1029.595093,46.45129776,1084.69873,200.5756378,0,0.812694311
img-1460.jpg,1160.866211,1403.528198,1218.831299,1469.714966,0,0.827329159
img-1461.jpg,1127.087402,1181.471069,1196.865601,1278.699341,0,0.833665371
img-1462.jpg,1048.937744,960.1291504,1116.441284,1073.911743,0,0.810458124
img-1463.jpg,926.7538452,677.8482666,990.1682129,805.529541,0,0.799843729
img-1464.jpg,832.2144775,450.27771,906.8435669,590.2576294,0,0.777143121
img-1465.jpg,754.9614258,243.6419373,836.6960449,383.5105591,0,0.797839582
img-1466.jpg,646.3895264,73.1895752,726.1779175,204.5214386,0,0.792269051
img-1467.jpg,572.2689209,0.600669801,663.0114136,96.92192841,0,0.69821471
img-1480.jpg,1380.161621,1486.420776,1450.465454,1562.449707,0,0.76984489
img-1481.jpg,1385.642212,1275.191284,1457.4021,1376.775757,0,0.833518088
img-1482.jpg,1389.353516,1044.811523,1460.369873,1174.794678,0,0.815349936
img-1483.jpg,1402.249634,802.7380981,1466.893677,954.0460205,0,0.800743699
img-1484.jpg,1397.355103,557.2578125,1466.96106,718.0186157,0,0.799343348
img-1485.jpg,1388.357544,331.4351196,1461.969971,493.6534119,0,0.806805074
img-1486.jpg,1368.596313,135.9319916,1442.704102,296.7807617,0,0.797019958
img-1487.jpg,1352.184448,0.086803153,1412.10144,80.94566345,0,0.712507308
img-1772.jpg,1407.598267,1118.179688,1501.463867,1162.692627,0,0.531588197
img-1781.jpg,1528.477051,1078.93103,1635.415039,1124.154663,0,0.167355761
img-1818.jpg,1338.262695,1065.360962,1421.242676,1198.547729,0,0.801366687
img-1819.jpg,1533.695313,750.7402344,1614.384888,879.6744385,0,0.815226555
img-2311.jpg,1144.105469,1001.041687,1198.230713,1075.604004,0,0.811714292
img-2312.jpg,1134.832397,694.5864258,1178.177979,792.7640381,0,0.848162413
img-2313.jpg,1084.443237,421.1238708,1138.475098,522.9202271,0,0.822382212
img-2314.jpg,1064.387207,288.4839172,1104.917847,376.0128784,0,0.832476974
img-2319.jpg,150.8880005,1598.175171,260.5427246,1935.828125,0,0.107701614
img-2591.jpg,1049.220825,320.3482971,1122.134155,411.2037354,0,0.81586659
img-2591.jpg,1086.486572,89.25008392,1268.248413,319.4957886,0,0.804455161
img-2592.jpg,911.5056152,723.4556885,1030.770508,848.345459,0,0.844332159
img-2592.jpg,975.1881104,431.362915,1135.238281,717.8856812,0,0.768574953
img-2593.jpg,890.4327393,902.9254761,1014.768066,1180.830322,0,0.809135675
img-2593.jpg,791.3901367,1185.748291,922.0444336,1350.357178,0,0.795726776
img-2594.jpg,839.3273315,1374.799316,950.4333496,1582.603882,0,0.807615995
img-2594.jpg,777.7436523,1576.672974,894.2842407,1740.545166,0,0.776203632
img-2906.jpg,1154.038452,723.9707031,1221.621826,889.9432373,0,0.803729534
img-2907.jpg,1098.656982,838.3746338,1161.419922,1007.735779,0,0.772902668
img-3586.jpg,1709.220825,504.5095825,1781.792358,644.6837158,0,0.818130851
img-3587.jpg,1626.68811,888.8585205,1697.745605,1061.838013,0,0.748144805
img-3588.jpg,1533.851563,1300.032104,1605.508667,1497.463257,0,0.755299807
img-3589.jpg,1429.46936,1694.042236,1509.84375,1898.981079,0,0.78794843
img-3601.jpg,1825.53064,269.3509827,1905.973022,425.7158508,0,0.819600761
img-3602.jpg,1710.112793,748.4712524,1787.604736,941.5551147,0,0.784606218
img-3603.jpg,1629.51001,1274.154297,1709.037354,1503.264771,0,0.763329089
img-3604.jpg,1445.086792,1760.805054,1549.156494,1942.762939,0,0.767551839
img-4497.jpg,922.6853027,1223.550293,1089.336182,1287.56897,0,0.704988778
img-4498.jpg,926.3166504,1226.056274,1095.7146,1292.871826,0,0.685926914
img-4499.jpg,943.1452637,1138.606689,1111.103149,1208.561646,0,0.713735282
img-4500.jpg,1033.240845,1179.972656,1176.851074,1239.036255,0,0.749318719
img-4501.jpg,1075.638916,1176.977905,1215.717896,1238.12561,0,0.753064454
img-4502.jpg,565.7126465,1362.452759,726.9751587,1475.827637,0,0.750772297
img-4503.jpg,859.1281738,1517.497559,1028.279175,1633.100586,0,0.738332808
img-4504.jpg,1108.375977,1314.897095,1229.918457,1405.301025,0,0.82405895
img-4505.jpg,1049.732422,1248.986328,1170.007813,1339.281738,0,0.824276865
img-4506.jpg,981.4484253,1285.41748,1102.973267,1378.543823,0,0.834275484
img-4529.jpg,1287.593262,1625.777222,1333.469238,1727.272461,0,0.25837934
img-4543.jpg,807.168335,805.0163574,867.3154297,911.2984009,0,0.79150635
img-4544.jpg,747.5181885,502.0635681,811.4545288,621.1659546,0,0.786949217
img-4545.jpg,718.7428589,299.3900452,781.7494507,404.6126709,0,0.846932173
img-4546.jpg,1174.496582,1376.426636,1228.549683,1448.488892,0,0.812390149
img-4547.jpg,1045.22522,1040.487915,1119.402954,1149.264893,0,0.80652231
img-4548.jpg,979.4222412,699.8470459,1063.624878,824.7459106,0,0.813779235
img-4549.jpg,924.7069092,410.079071,1005.63446,528.2880859,0,0.821070313
img-4550.jpg,902.3308105,215.822998,961.9337158,321.1828308,0,0.831596076
img-4851.jpg,1561.03772,962.8900146,1643.189209,1058.09668,0,0.829855025
img-4853.jpg,1482.360474,949.8154907,1551.025879,1067.217529,0,0.818314075
img-4854.jpg,1584.47168,795.355896,1656.535522,914.611145,0,0.814553618
img-4856.jpg,1426.632324,614.3745728,1511.864746,789.067688,0,0.789010584
img-4857.jpg,1568.944214,578.1813965,1660.937866,758.2628174,0,0.802947521
img-4859.jpg,1339.212158,710.5491943,1428.062744,892.1594849,0,0.797450244
img-4860.jpg,1460.845581,1062.038574,1525.401123,1188.084351,0,0.820216
img-4862.jpg,1614.175171,1167.284302,1681.696899,1301.168091,0,0.809634626
img-4916.jpg,1072.513184,822.7683716,1126.414429,890.7843628,0,0.803517461
img-4917.jpg,1086.21936,462.8657227,1152.293457,556.06427,0,0.835182548
img-4918.jpg,1138.631592,71.84142303,1201.290405,194.3340454,0,0.77479732
img-4919.jpg,844.25,374.6506653,934.1575928,516.3735962,0,0.802255869
img-4920.jpg,887.5891724,24.98107719,962.9017334,132.7666626,0,0.779373467
img-4967.jpg,1350.56604,388.6130066,1400.349609,442.4873047,0,0.754213452
img-4969.jpg,1432.903076,614.6100464,1481.321655,688.8258057,0,0.814376831
img-4971.jpg,1566.357056,777.7525635,1623.526733,878.0632324,0,0.818129063
img-4972.jpg,1537.797974,752.4200439,1598.561279,854.9116821,0,0.826528668
img-4973.jpg,1556.778687,939.8779907,1625.505249,1037.275757,0,0.787841976
img-4986.jpg,1711.455688,321.0485229,1777.913086,453.8946228,0,0.81223923
img-4987.jpg,1740.341919,686.0561523,1807.415527,841.7507935,0,0.796614528
img-4988.jpg,1681.779175,939.4041138,1753.812012,1105.202148,0,0.78711313
img-4990.jpg,1849.168945,1346.911499,1967.125732,1553.493408,0,0.808138907
img-4992.jpg,1841.759155,1435.332275,1919.698486,1616.617188,0,0.792452335
img-5000.jpg,2034.296265,1314.765869,2091.644775,1365.476929,0,0.246839747
img-5006.jpg,2036.11145,0.063250355,2088.12915,22.42360687,0,0.201936454
img-5344.jpg,513.72052,0,552.4049683,13.45823574,0,0.113221899
img-5346.jpg,560.2200928,993.2158813,581.4470825,1020.88623,0,0.243868664
img-5347.jpg,909.8617554,550.0699463,943.2453613,582.204895,0,0.534003854
img-5433.jpg,1189.404785,0.185458496,1243.196045,45.85277939,0,0.423913032
img-5440.jpg,1488.569702,1129.411499,1555,1166,0,0.114154503
img-5443.jpg,957.8084717,250.278717,1004.268982,296.0390015,0,0.205769122
img-5449.jpg,928.0316162,633.6489868,957.2416992,664.3297119,0,0.117977954
img-5451.jpg,863.5444336,1072.585327,898.5689087,1117.607666,0,0.332029879
img-5453.jpg,686.6867065,0.388758898,735.7745972,31.48352051,0,0.226479918
img-5454.jpg,924.7966919,452.2551575,952.1665649,483.6438599,0,0.666742563
img-5455.jpg,921.296875,704.4085693,953.7681885,744.9345703,0,0.820739269
img-5456.jpg,941.7555542,927.8869019,975.8314209,975.1465454,0,0.750498474
img-5457.jpg,926.1157837,1126.728027,964.4396973,1165.260986,0,0.66334939
img-5466.jpg,973.9423828,782.2858276,1001.526978,813.4316406,0,0.112724148
img-5474.jpg,1054.040649,344.0604553,1110.149902,385.6817627,0,0.826363921
img-5475.jpg,977.9243164,607.6340332,1041.353271,681.7140503,0,0.864703417
img-5476.jpg,901.1603394,885.2680054,976.9628906,973.8531494,0,0.834875464
img-5477.jpg,889.5661011,1136.963501,936.144165,1165.656006,0,0.701817334
img-5490.jpg,1063.026245,608.697937,1123.029907,670.4630737,0,0.846391916
img-5491.jpg,985.4908447,856.1143188,1052.834229,937.0620728,0,0.848479152
img-5492.jpg,940.8701172,1114.247559,1003.470459,1165.06604,0,0.759609103
img-5533.jpg,1483.727295,1086.005249,1555,1155.529785,0,0.108578935
img-5535.jpg,998.1994019,371.1789246,1029.952881,401.7383423,0,0.308390349
img-5536.jpg,868.4296875,486.1981201,900.5322876,515.600647,0,0.160448179
img-5538.jpg,928.3983765,928.0737305,963.0673828,966.5438843,0,0.429310411
img-5552.jpg,1021.195007,602.4468994,1055.748779,636.838623,0,0.12509267
img-5554.jpg,955.4248047,927.3857422,986.8677368,959.1915894,0,0.150984704
img-5583.jpg,1001.634949,1137.533813,1050.603516,1166,0,0.104114637
img-5602.jpg,708.2748413,138.7993469,751.913269,196.024353,0,0.424530596
img-5635.jpg,552.6673584,175.2669373,596.2433472,219.5314789,0,0.166509762
img-5652.jpg,592.5617065,568.5632324,629.0869141,609.914917,0,0.841343284
img-5653.jpg,482.5559387,608.3965454,520.317749,647.4703979,0,0.833167911
img-5654.jpg,487.2234497,656.2972412,526.3219604,697.572876,0,0.811722934
img-5762.jpg,0.183727592,601.0166016,27.04312515,676.7714233,0,0.227578864
img-5786.jpg,501.3016663,0,555.0061646,74.15953827,0,0.290453553
img-5797.jpg,362.8487854,0.06788034,398.8907166,14.75187778,0,0.127530649
img-5800.jpg,458.3446655,0,515.3568726,20.9840641,0,0.267856777
img-5812.jpg,529.3678589,648.8495483,560.5767212,696.3612061,0,0.105753683
img-5817.jpg,3.505658627,1105.79541,20.7238884,1129.078979,0,0.224385068
img-5819.jpg,469.1885681,1142.084351,497.9094238,1166,0,0.202290341
img-5822.jpg,2.956406116,1091.552979,22.63215065,1118.508179,0,0.128495291
img-5826.jpg,527.2510376,618.8007202,555.7449951,668.0554199,0,0.61489141
img-5884.jpg,498.5939026,0.188271493,534.0113525,22.06216431,0,0.209949464
img-5911.jpg,469.8520813,1133.014893,493.7745056,1162.972656,0,0.298811764
img-5984.jpg,707.8300781,0.049419761,743.0029907,21.15739441,0,0.188015416
img-5996.jpg,413.7239075,571.4178467,449.0957031,606.5456543,0,0.849455655
img-5997.jpg,437.0710754,410.2399902,471.2500305,454.7588501,0,0.837166488
img-5998.jpg,391.6115112,263.4685364,422.9464111,313.0292358,0,0.804039538
img-5999.jpg,443.8723755,115.5935211,475.5231323,157.4619293,0,0.835729837
img-6000.jpg,417.8988953,20.56754875,451.7674866,58.56083298,0,0.822872937
img-6012.jpg,442.0683289,773.4638062,479.9003601,813.0291138,0,0.83432734
img-6013.jpg,461.6678467,487.4086609,497.6577454,532.9015503,0,0.834004879
img-6014.jpg,443.7313843,264.6312256,473.5414124,311.6965332,0,0.830971122
img-6015.jpg,414.4608459,98.63665009,445.058075,137.5404358,0,0.810776949
img-6016.jpg,371.1226196,0.627383947,406.4608154,33.41173935,0,0.679586709
img-6021a.jpg,3442.675293,2563.85376,3597.685547,2813.165039,0,0.82314831
img-6045a.jpg,3462.433105,2630.767334,3552.841064,2803.705566,0,0.567177773
img-6047.jpg,1887.498047,651.1271362,1917.723267,696.2078857,0,0.228549555
img-6058.jpg,810.6903687,616.2563477,864.5838013,681.2940674,0,0.821249247
img-6059.jpg,799.496521,366.2388306,860.8372192,446.3397827,0,0.789803743
img-6060.jpg,775.1414795,144.5674591,834.7348022,234.2127533,0,0.819161117
img-6061.jpg,749.7942505,0.56053704,809.0337524,71.36882019,0,0.706224561
img-6077.jpg,698.8654785,656.3204956,754.9139404,723.6704712,0,0.808540404
img-6077_2.jpg,1610.49646,1872.212891,1698.421387,1942.975708,0,0.216395184
img-6078.jpg,715.5613403,403.2982483,777.0518188,484.7915344,0,0.781483412
img-6079.jpg,733.6696777,183.1136017,789.3867188,270.1397095,0,0.832445085
img-6080.jpg,728.664978,96.16942596,778.3839722,174.4205017,0,0.787142634
img-6415.jpg,1189.023315,1001.308777,1232.458496,1050.803345,0,0.125172526
img-6415.jpg,1140.702515,1020.109253,1177.653809,1064.983521,0,0.113430716
img-7610.jpg,2356.840332,221.1803741,2395.913086,271.5646362,0,0.139520437
img-7888.jpg,0.07302025,1460.796021,25.4424839,1533.994629,0,0.176496252
img-7889.jpg,800.0360718,1049.481201,868.1751709,1130.605713,0,0.81711477
img-7889.jpg,1238.310791,1471.225586,1385.534668,1646.792969,0,0.814797044
img-7889.jpg,1467.43811,1071.838013,1526.59375,1141.490601,0,0.769175053
img-7890.jpg,1289.839478,1569.319336,1435.027466,1740.654785,0,0.860135317
img-7890.jpg,856.0700073,1139.530273,921.0297241,1229.272949,0,0.818229854
img-7890.jpg,1514.929199,1167.28894,1576.983887,1240.299194,0,0.749991655
img-7891.jpg,1305.984131,1355.15918,1441.200928,1489.979614,0,0.799259424
img-7891.jpg,965.5270996,845.8666382,1023.078979,981.9470825,0,0.784140587
img-7891.jpg,1492.589233,846.5024414,1558.817993,975.9348755,0,0.768742859
img-7892.jpg,1425.187012,1352.520386,1555.264038,1484.404907,0,0.806452394
img-7892.jpg,1609.446655,843.4225464,1679.805298,972.4161987,0,0.783896387
img-7892.jpg,1083.730103,838.6113281,1145.216553,976.6068726,0,0.777686059
img-7893.jpg,1355.63562,1583.684326,1483.500366,1716.043701,0,0.797849357
img-7893.jpg,1544.731201,1077.334717,1611.826172,1204.904663,0,0.791956961
img-7893.jpg,1019.015076,1071.202759,1075.95166,1209.87085,0,0.774349868
img-7894.jpg,1447.001465,1173.563721,1532.103394,1346.902954,0,0.790560901
img-7894.jpg,725.7652588,1179.730835,797.9769897,1367.306885,0,0.741916656
img-7894.jpg,1499.676514,1363.408569,1565.710449,1485.895142,0,0.300014466
img-7894.jpg,1217.567871,1890.297852,1372.802734,1944,0,0.249919087
img-7895.jpg,1304.449097,534.7130127,1447.356445,691.4549561,0,0.7880252
img-7895.jpg,1571.987305,20.33047676,1633.885742,156.8655853,0,0.499109715
img-7895.jpg,806.8296509,0,864.68927,39.38214493,0,0.495099694
img-7896.jpg,1210.443848,820.1228638,1289.18103,1007.633118,0,0.82464695
img-7896.jpg,992.8201904,1491.826538,1114.232178,1596.016602,0,0.80915612
img-7896.jpg,487.9143982,834.7963867,563.7058105,1033.168091,0,0.790354371
img-7897.jpg,1365.627319,113.5682907,1448.568115,298.3083801,0,0.827069998
img-7897.jpg,1154.983032,783.1965942,1271.584595,887.6517944,0,0.812665045
img-7897.jpg,642.6068115,133.2280731,714.4145508,334.9850159,0,0.799847364
img-7898.jpg,1540.745239,350.5583191,1628.62854,539.6029663,0,0.812388837
img-7898.jpg,828.7809448,396.9086609,893.3633423,599.7289429,0,0.742973208
img-7899.jpg,1642.658203,790.8828125,1727.014648,977.0112305,0,0.812265813
img-7899.jpg,925.0403442,840.843811,995.953064,1031.00293,0,0.780512571
img-7900.jpg,1030.47522,1655.829834,1124.689209,1847.330322,0,0.813178897
img-7900.jpg,308.2691956,1701.481079,392.9538879,1910.816772,0,0.801320672
img-7901.jpg,1073.473022,724.1083374,1171.178833,880.0618896,0,0.81411922
img-7901.jpg,471.0540161,922.9568481,538.437561,1057.252808,0,0.770047784
img-7902.jpg,553.1275635,881.0113525,611.5861206,983.9175415,0,0.802410722
img-7902.jpg,1156.515381,680.9783325,1244.983521,835.206604,0,0.789267361
img-7903.jpg,560.067627,855.7563477,613.1668091,962.8605957,0,0.806579649
img-7903.jpg,1160.304688,656.428894,1248.880127,810.0458984,0,0.79611975
img-7904.jpg,571.6746826,848.0166016,625.8453979,946.3546753,0,0.835982323
img-7904.jpg,1171.867676,648.8565674,1258.474243,800.4477539,0,0.805205166
img-7914.jpg,1387.633911,1283.172974,1533.616577,1472.950073,0,0.795692205
img-7914.jpg,1536.400146,710.1144409,1611.813599,809.0924683,0,0.779192686
img-7914.jpg,847.0412598,811.2676392,915.3430176,932.5552979,0,0.776678801
img-7915.jpg,1319.658325,1224.967896,1433.427612,1356.815796,0,0.791059971
img-7915.jpg,1434.152954,809.8441162,1494.047607,883.5819702,0,0.764096975
img-7915.jpg,935.8501587,882.0363159,995.0968628,966.6355591,0,0.753509164
img-7916.jpg,927.605896,881.149231,986.5654907,966.1928101,0,0.806579292
img-7916.jpg,1309.327515,1226.51355,1421.985962,1360.407227,0,0.801169753
img-7916.jpg,1422.451782,806.8713379,1483.529663,884.8447266,0,0.764948726
img-7917.jpg,494.1128845,791.0560913,566.5466919,882.7946167,0,0.824104488
img-7917.jpg,1119.670776,1147.04834,1265.183105,1385.419922,0,0.788279533
img-7917.jpg,1281.625244,631.0792236,1348.394897,706.3317261,0,0.772548258
img-7919.jpg,2199.805176,2648.107422,2302.555176,2819.551025,0,0.841604352
img-7920.jpg,2199.874023,1680.846191,2301.447998,1909.763184,0,0.797756612
img-7920bc.jpg,583.8189087,281.9763794,629.8498535,477.9642029,0,0.804460824
img-7921.jpg,2185.164795,928.9134521,2291.647217,1186.870361,0,0.830085218
img-7922.jpg,2160.314209,453.3157959,2275.818848,700.421875,0,0.786015868
img-7932.jpg,2192.591064,2914.952393,2292.117676,3051.546387,0,0.837347806
img-7933.jpg,2138.380371,2108.871582,2242.988281,2322.189209,0,0.809924722
img-7934.jpg,2088.802002,1301.113281,2190.615479,1552.545532,0,0.759965181
img-8122.jpg,854.7873535,0,1157.985107,1154.888062,0,0.251675546
img-8123bc.jpg,729.7952881,239.2312469,802.5796509,484.7091064,0,0.149759218
img-8127.jpg,2069.814697,2834.341309,2189.009766,3019.231934,0,0.786659002
img-8128.jpg,2050.292969,2081.205078,2184.548584,2338.186279,0,0.800828338
img-8129.jpg,1949.678345,1398.764282,2081.835205,1695.919189,0,0.775479734
img-8130.jpg,1767.075806,805.5472412,1916.465576,1118.404663,0,0.781115115
img-8130bc.jpg,519.3012085,155.2410126,602.3031006,447.7793274,0,0.636127293
img-8131.jpg,1664.631348,250.4630585,1810.369629,541.2807007,0,0.790680945
img-8165.jpg,1172.636475,505.4434509,1235.57605,587.1899414,0,0.836215019
img-8166.jpg,1150.039185,826.6907959,1224.145874,947.52771,0,0.848695338
img-8167.jpg,1121.033447,1191.44812,1222.546265,1352.671387,0,0.811623216
img-8168.jpg,1140.480957,1546.867676,1237.354126,1710.555298,0,0.78930223
img-8169.jpg,1153.403687,1839.36731,1236.418823,1983.250488,0,0.826858461
img-8170.jpg,1198.694702,2078.198486,1238.144653,2133.796875,0,0.785481095
img-8174.jpg,992.4276733,890.994873,1088.414673,1063.073608,0,0.801514387
img-8175.jpg,778.4195557,1354.844727,887.0327759,1565.233643,0,0.801286101
img-8176.jpg,1004.288086,940.0222778,1106.96936,1118.218262,0,0.801664531
img-8261-2.jpg,725.7203979,336.4110413,783.2178345,413.0353699,0,0.834309995
img-8261.jpg,726.7211914,342.4746094,781.9515991,413.0881042,0,0.821993828
img-8274-2.jpg,687.1948853,482.421051,736.3900757,550.5350952,0,0.791396916
img-8274.jpg,686.6699219,485.5993958,731.6149292,547.2108765,0,0.801451862
img-8405.jpg,2084.578857,676.795105,2167.829346,750.9281006,0,0.823653042
img-8406.jpg,1632.694336,1003.368469,1750.302856,1092.06604,0,0.80734396
img-8407.jpg,1119.94519,1265.631104,1293.974854,1383.945313,0,0.779335618
img-8408.jpg,662.7832031,1457.523438,878.5627441,1608.962646,0,0.743227184
img-8409.jpg,323.0377502,1572.04895,527.2041016,1729.22229,0,0.82392031
img-8413.jpg,1049.413818,1895.319336,1221.652466,1943.848633,0,0.145213455
img-8422.jpg,1987.621582,1708.192627,2251.146973,1874.14624,0,0.133378223
img-8423.jpg,958.9091187,1701.406982,1145.444946,1778.223999,0,0.735547543
img-8424.jpg,592.3112793,1598.501465,742.0752563,1676.78186,0,0.771661878
img-8454.jpg,1458.479248,0,1536.181763,92.2902298,0,0.690612733
img-8455.jpg,1484.821655,459.8845215,1572.044312,662.1984863,0,0.79605788
img-8456.jpg,1570.189819,993.8162231,1642.250366,1214.036987,0,0.804773569
img-8457.jpg,1626.787354,1447.182739,1688.422363,1674.986328,0,0.796814859
img-8458.jpg,1503.27063,1906.33667,1564.158813,1944,0,0.349848062
img-8473.jpg,1535.898193,829.3961792,1596.598999,951.1558838,0,0.780626237
img-8474.jpg,1218.91333,1272.678101,1339.404785,1436.495483,0,0.801788449
img-8475.jpg,914.3798828,1651.563965,1000.86084,1814.469116,0,0.792360723
img-8595-2.jpg,1590.865234,1208.040161,1659.212402,1344.031494,0,0.82692796
img-8595.jpg,1591.840454,1207.90271,1659.097534,1343.104492,0,0.813245893
img-8596.jpg,1596.536255,1549.235596,1653.505859,1682.064941,0,0.811143935
img-8597.jpg,1572.288818,1798.315308,1621.935181,1890.916504,0,0.827491879
img-8607-2.jpg,1688.234741,606.4072266,1734.616699,674.6920776,0,0.830824912
img-8607.jpg,1684.57251,601.5685425,1734.992065,676.7301025,0,0.821186185
img-8683.jpg,728.927124,0.831678808,798.8149414,116.4939117,0,0.13630037
img-8713.jpg,1178.809692,937.8610229,1238.049927,1021.33667,0,0.820756018
img-8714.jpg,64.48249817,1568.551514,106.375,1667.395874,0,0.368858814
img-8715.jpg,456.6738586,1872.921143,602.1867676,1941.988647,0,0.493366629
img-8716.jpg,472.0751343,1870.255371,614.2851563,1935.612305,0,0.561523616
img-8717.jpg,519.1137695,1870.81189,657.9277954,1939.473999,0,0.410437316
img-8718.jpg,560.0053711,1889.187134,705.4104614,1943.402832,0,0.240744248
img-8720.jpg,596.2070313,1899.400391,729.1960449,1944,0,0.206070721
img-8721.jpg,600.3292236,1901.937988,739.4528198,1944,0,0.167462856
img-8724.jpg,1881.669067,729.5983887,1963.112061,780.3185425,0,0.75545311
img-8725.jpg,1558.531372,676.4050293,1670.414063,735.8844604,0,0.764151096
img-8726.jpg,1264.133301,600.5100708,1376.242432,655.3029785,0,0.80379349
img-8727.jpg,1044.633057,484.0276794,1153.5802,544.4782104,0,0.792779982
img-8728.jpg,918.2297974,372.3738403,1018.595825,441.3754272,0,0.818725467
img-8729.jpg,915.3503418,248.8545532,987.1644287,320.7090454,0,0.774609566
img-8729.jpg,1999.621094,1129.412964,2054.032227,1172.871582,0,0.123508841
img-8736.jpg,1738.213379,1550.609497,1792.93042,1603.643555,0,0.143650293
img-8748.jpg,1020.747742,724.1759644,1089.98291,846.6029053,0,0.61319381
img-8750.jpg,1510.491577,1131.889282,1575.865601,1189.081177,0,0.805466652
img-8751.jpg,1242.257935,750.206543,1328.90979,839.5114746,0,0.819872499
img-8752.jpg,1004.987366,336.2450562,1098.493042,452.4759216,0,0.815828204
img-8753.jpg,862.562561,10.51384163,944.1209717,118.8462601,0,0.809026361
img-8753.jpg,869.6796875,574.2894897,921.8783569,658.1658325,0,0.202757657
img-8762.jpg,419.2475586,0,568.4300537,144.7330933,0,0.159373924
img-8764.jpg,1260.08667,649.8534546,1374.769165,766.6763306,0,0.837909997
img-8765.jpg,838.2767944,36.75540924,971.6397095,188.5116425,0,0.793495476
img-8773.jpg,1388.621094,1088.764282,1435.049194,1130.431885,0,0.79070586
img-8774.jpg,1249.577271,852.8616943,1300.471313,915.6635132,0,0.826850772
img-8775.jpg,1140.545776,642.6896973,1194.804077,711.1976318,0,0.794649661
img-8776.jpg,1082.224487,463.1203308,1132.719482,534.5057983,0,0.815363169
img-8782.jpg,1123.381592,1185.399048,1164.928833,1227.822632,0,0.11169558
img-8782.jpg,1501.480957,1123.748779,1537.192383,1158.858765,0,0.104793474
img-9272.jpg,1527.218018,813.8138428,1589.087769,893.6627808,0,0.818368793
img-9273.jpg,1489.451416,1073.000854,1551.558594,1163.01001,0,0.79689157
img-9274.jpg,1445.230835,1289.625,1516.217529,1401.811768,0,0.828707993
img-9275.jpg,1424.15564,1515.364258,1493.349976,1631.711304,0,0.806971252
img-9276.jpg,1431.018799,1768.864014,1496.315186,1879.823242,0,0.809568405
img-9320.jpg,1749.509521,741.081543,1815.597656,863.2380981,0,0.786984503
img-9321.jpg,1564.270264,1180.018311,1628.898804,1261.52002,0,0.787110627
img-9332.jpg,2122.020996,115.4476089,2195.38916,242.3847656,0,0.806620657
img-9333.jpg,1969.306885,469.579895,2038.581787,587.965271,0,0.808643401
img-9603.jpg,1540.785522,1299.115845,1675.775879,1375.827271,0,0.784562171
img-9604.jpg,1020.49707,1119.751465,1182.023926,1205.596436,0,0.809694886
img-9605.jpg,667.5089722,999.0296631,805.9910889,1077.994995,0,0.793298066
img-9609.jpg,1293.185181,1257.311768,1405.705444,1314.136353,0,0.624584377
img-9615.jpg,2052.661377,1411.508179,2140.621338,1472.321411,0,0.801161587
img-9616.jpg,1552.984985,1307.365112,1682.082153,1383.629639,0,0.808739603
img-9617.jpg,1043.759521,1186.240967,1207.477539,1274.940063,0,0.78690505
pxl-20220607-133805714.jpg,927.0352783,1583.834961,1274.528076,1889.930298,0,0.831879258
pxl-20220607-133805714.jpg,1699.106567,1007.621948,1796.972656,1098.151733,0,0.144857928